session_id,participant_key,split
demo_session_00014,u:demo_user_1119,train
demo_session_00015,u:demo_user_1226,test
demo_session_00016,a:demo_anon_800,train
demo_session_00017,u:demo_user_199,train
demo_session_00018,a:demo_anon_1310,test
demo_session_00019,u:demo_user_702,test
demo_session_00020,a:demo_anon_780,train
demo_session_00021,u:demo_user_578,train
demo_session_00022,u:demo_user_284,train
demo_session_00023,a:demo_anon_1445,train
demo_session_00024,u:demo_user_1219,train
demo_session_00025,u:demo_user_1004,test
demo_session_00026,u:demo_user_627,train
demo_session_00027,u:demo_user_1283,train
demo_session_00028,a:demo_anon_850,train
demo_session_00029,u:demo_user_691,train
demo_session_00030,u:demo_user_702,test
demo_session_00031,u:demo_user_354,test
demo_session_00032,u:demo_user_143,train
demo_session_00033,a:demo_anon_865,test
demo_session_00034,a:demo_anon_1385,train
demo_session_00035,u:demo_user_99,test
demo_session_00036,u:demo_user_1338,train
demo_session_00037,u:demo_user_1291,train
demo_session_00038,u:demo_user_431,test
demo_session_00039,a:demo_anon_985,train
demo_session_00040,u:demo_user_257,train
demo_session_00041,u:demo_user_1182,train
demo_session_00042,u:demo_user_1092,test
demo_session_00043,u:demo_user_553,test
demo_session_00044,a:demo_anon_105,train
demo_session_00045,u:demo_user_1514,test
demo_session_00046,a:demo_anon_695,train
demo_session_00047,u:demo_user_1393,train
demo_session_00048,u:demo_user_1057,train
demo_session_00049,u:demo_user_1214,train
demo_session_00050,a:demo_anon_1185,train
demo_session_00051,u:demo_user_303,train
demo_session_00052,u:demo_user_567,test
demo_session_00053,u:demo_user_728,train
demo_session_00054,u:demo_user_776,train
demo_session_00055,u:demo_user_68,test
demo_session_00056,u:demo_user_852,train
demo_session_00057,a:demo_anon_240,train
demo_session_00058,u:demo_user_1159,train
demo_session_00059,a:demo_anon_1065,train
demo_session_00060,u:demo_user_1439,test
demo_session_00061,u:demo_user_1161,train
demo_session_00062,u:demo_user_571,train
demo_session_00063,u:demo_user_1509,train
demo_session_00064,a:demo_anon_640,train
demo_session_00065,u:demo_user_508,train
demo_session_00066,u:demo_user_1412,train
demo_session_00067,u:demo_user_577,train
demo_session_00068,u:demo_user_119,train
demo_session_00069,u:demo_user_732,test
demo_session_00070,u:demo_user_1241,test
demo_session_00071,a:demo_anon_295,train
demo_session_00072,u:demo_user_722,train
demo_session_00073,u:demo_user_202,train
demo_session_00074,a:demo_anon_1070,train
demo_session_00075,u:demo_user_742,train
demo_session_00076,a:demo_anon_515,train
demo_session_00077,u:demo_user_353,train
demo_session_00078,a:demo_anon_880,train
demo_session_00079,u:demo_user_1044,train
demo_session_00080,u:demo_user_1466,train
demo_session_00081,u:demo_user_681,train
demo_session_00082,a:demo_anon_250,train
demo_session_00083,u:demo_user_1298,train
demo_session_00084,u:demo_user_982,test
demo_session_00085,u:demo_user_1092,test
demo_session_00086,u:demo_user_151,train
demo_session_00087,u:demo_user_487,test
demo_session_00088,u:demo_user_1197,test
demo_session_00089,u:demo_user_1298,train
demo_session_00090,u:demo_user_678,train
demo_session_00091,a:demo_anon_1255,train
demo_session_00092,u:demo_user_1313,train
demo_session_00093,u:demo_user_604,train
demo_session_00094,u:demo_user_1401,train
demo_session_00095,u:demo_user_449,train
demo_session_00096,u:demo_user_373,train
demo_session_00097,u:demo_user_1064,train
demo_session_00098,u:demo_user_993,train
demo_session_00099,u:demo_user_218,test
demo_session_00100,u:demo_user_1299,train
demo_session_00101,u:demo_user_311,train
demo_session_00102,a:demo_anon_1255,train
demo_session_00103,u:demo_user_11,train
demo_session_00104,u:demo_user_1243,train
demo_session_00105,u:demo_user_1227,train
demo_session_00106,u:demo_user_1217,train
demo_session_00107,u:demo_user_1037,test
demo_session_00108,a:demo_anon_735,train
demo_session_00109,a:demo_anon_1100,train
demo_session_00110,u:demo_user_432,train
demo_session_00111,u:demo_user_1217,train
demo_session_00112,u:demo_user_866,test
demo_session_00113,a:demo_anon_715,train
demo_session_00114,u:demo_user_788,train
demo_session_00115,u:demo_user_887,train
demo_session_00116,u:demo_user_58,test
demo_session_00117,u:demo_user_218,test
demo_session_00118,u:demo_user_382,train
demo_session_00119,u:demo_user_178,train
demo_session_00120,a:demo_anon_685,train
demo_session_00121,u:demo_user_1042,test
demo_session_00122,a:demo_anon_1020,train
demo_session_00123,u:demo_user_734,train
demo_session_00124,u:demo_user_1333,train
demo_session_00125,u:demo_user_881,train
demo_session_00126,u:demo_user_123,train
demo_session_00127,u:demo_user_1193,train
demo_session_00128,u:demo_user_896,test
demo_session_00129,a:demo_anon_990,train
demo_session_00130,u:demo_user_881,train
demo_session_00131,u:demo_user_863,train
demo_session_00132,u:demo_user_141,test
demo_session_00133,u:demo_user_872,train
demo_session_00134,a:demo_anon_1240,train
demo_session_00135,u:demo_user_474,train
demo_session_00136,a:demo_anon_940,train
demo_session_00137,u:demo_user_48,test
demo_session_00138,u:demo_user_542,train
demo_session_00139,u:demo_user_681,train
demo_session_00140,u:demo_user_1533,train
demo_session_00141,u:demo_user_334,train
demo_session_00142,u:demo_user_431,test
demo_session_00143,u:demo_user_637,test
demo_session_00144,u:demo_user_1548,train
demo_session_00145,u:demo_user_1331,train
demo_session_00146,u:demo_user_54,train
demo_session_00147,u:demo_user_364,train
demo_session_00148,u:demo_user_1281,test
demo_session_00149,a:demo_anon_90,test
demo_session_00150,u:demo_user_1334,train
demo_session_00151,u:demo_user_438,train
demo_session_00152,u:demo_user_1431,train
demo_session_00153,u:demo_user_458,train
demo_session_00154,u:demo_user_677,train
demo_session_00155,u:demo_user_1032,train
demo_session_00156,u:demo_user_196,test
demo_session_00157,u:demo_user_868,train
demo_session_00158,u:demo_user_787,train
demo_session_00159,u:demo_user_1222,train
demo_session_00160,u:demo_user_1553,train
demo_session_00161,u:demo_user_1036,test
demo_session_00162,u:demo_user_638,test
demo_session_00163,u:demo_user_633,train
demo_session_00164,u:demo_user_652,test
demo_session_00165,u:demo_user_1269,test
demo_session_00166,u:demo_user_501,test
demo_session_00167,a:demo_anon_260,train
demo_session_00168,u:demo_user_521,train
demo_session_00169,a:demo_anon_35,test
demo_session_00170,a:demo_anon_165,train
demo_session_00171,a:demo_anon_140,train
demo_session_00172,u:demo_user_1203,train
demo_session_00173,u:demo_user_1126,train
demo_session_00174,u:demo_user_1086,train
demo_session_00175,a:demo_anon_720,train
demo_session_00176,u:demo_user_1118,train
demo_session_00177,u:demo_user_251,train
demo_session_00178,u:demo_user_1404,train
demo_session_00179,u:demo_user_781,train
demo_session_00180,u:demo_user_1463,train
demo_session_00181,u:demo_user_237,test
demo_session_00182,a:demo_anon_775,train
demo_session_00183,u:demo_user_1086,train
demo_session_00184,u:demo_user_773,train
demo_session_00185,u:demo_user_696,train
demo_session_00186,u:demo_user_259,train
demo_session_00187,u:demo_user_594,train
demo_session_00188,u:demo_user_372,train
demo_session_00189,a:demo_anon_470,train
demo_session_00190,u:demo_user_1066,train
demo_session_00191,u:demo_user_983,test
demo_session_00192,u:demo_user_947,test
demo_session_00193,u:demo_user_564,train
demo_session_00194,u:demo_user_1497,train
demo_session_00195,u:demo_user_136,test
demo_session_00196,u:demo_user_534,train
demo_session_00197,u:demo_user_184,train
demo_session_00198,u:demo_user_528,train
demo_session_00199,a:demo_anon_1500,test
demo_session_00200,u:demo_user_571,train
demo_session_00201,u:demo_user_1417,test
demo_session_00202,u:demo_user_772,train
demo_session_00203,u:demo_user_1091,train
demo_session_00204,u:demo_user_713,train
demo_session_00205,u:demo_user_414,train
demo_session_00206,u:demo_user_1192,train
demo_session_00207,u:demo_user_1511,test
demo_session_00208,u:demo_user_411,train
demo_session_00209,u:demo_user_1214,train
demo_session_00210,u:demo_user_407,train
demo_session_00211,u:demo_user_1118,train
demo_session_00212,a:demo_anon_1230,train
demo_session_00213,u:demo_user_701,train
demo_session_00214,u:demo_user_1149,train
demo_session_00215,u:demo_user_424,test
demo_session_00216,u:demo_user_123,train
demo_session_00217,a:demo_anon_150,train
demo_session_00218,u:demo_user_697,train
demo_session_00219,u:demo_user_1408,train
demo_session_00220,u:demo_user_199,train
demo_session_00221,u:demo_user_711,train
demo_session_00222,u:demo_user_1098,train
demo_session_00223,a:demo_anon_315,train
demo_session_00224,a:demo_anon_1125,train
demo_session_00225,u:demo_user_477,train
demo_session_00226,u:demo_user_1261,train
demo_session_00227,u:demo_user_903,test
demo_session_00228,u:demo_user_853,train
demo_session_00229,a:demo_anon_275,train
demo_session_00230,u:demo_user_722,train
demo_session_00231,u:demo_user_1336,train
demo_session_00232,a:demo_anon_30,test
demo_session_00233,u:demo_user_1183,test
demo_session_00234,u:demo_user_768,train
demo_session_00235,u:demo_user_1122,train
demo_session_00236,u:demo_user_1034,train
demo_session_00237,u:demo_user_674,train
demo_session_00238,u:demo_user_481,train
demo_session_00239,u:demo_user_978,train
demo_session_00240,u:demo_user_218,test
demo_session_00241,u:demo_user_911,train
demo_session_00242,u:demo_user_147,train
demo_session_00243,u:demo_user_1013,train
demo_session_00244,a:demo_anon_980,train
demo_session_00245,u:demo_user_131,train
demo_session_00246,u:demo_user_1181,test
demo_session_00247,u:demo_user_648,train
demo_session_00248,u:demo_user_1227,train
demo_session_00249,u:demo_user_64,train
demo_session_00250,u:demo_user_279,test
demo_session_00251,a:demo_anon_770,test
demo_session_00252,u:demo_user_293,test
demo_session_00253,u:demo_user_514,train
demo_session_00254,a:demo_anon_1030,train
demo_session_00255,a:demo_anon_225,train
demo_session_00256,u:demo_user_1057,train
demo_session_00257,u:demo_user_161,test
demo_session_00258,u:demo_user_273,test
demo_session_00259,u:demo_user_916,train
demo_session_00260,u:demo_user_1237,train
demo_session_00261,u:demo_user_266,test
demo_session_00262,u:demo_user_467,train
demo_session_00263,u:demo_user_1443,train
demo_session_00264,u:demo_user_1543,train
demo_session_00265,u:demo_user_906,train
demo_session_00266,u:demo_user_697,train
demo_session_00267,u:demo_user_541,train
demo_session_00268,a:demo_anon_955,test
demo_session_00269,u:demo_user_921,test
demo_session_00270,u:demo_user_459,test
demo_session_00271,a:demo_anon_35,test
demo_session_00272,u:demo_user_236,train
demo_session_00273,a:demo_anon_1495,train
demo_session_00274,u:demo_user_652,test
demo_session_00275,u:demo_user_752,test
demo_session_00276,u:demo_user_728,train
demo_session_00277,u:demo_user_1221,test
demo_session_00278,u:demo_user_101,train
demo_session_00279,u:demo_user_129,train
demo_session_00280,a:demo_anon_430,test
demo_session_00281,u:demo_user_759,test
demo_session_00282,u:demo_user_1046,train
demo_session_00283,a:demo_anon_765,test
demo_session_00284,u:demo_user_688,train
demo_session_00285,u:demo_user_1463,train
demo_session_00286,u:demo_user_251,train
demo_session_00287,u:demo_user_891,train
demo_session_00288,a:demo_anon_845,train
demo_session_00289,u:demo_user_738,test
demo_session_00290,u:demo_user_1259,train
demo_session_00291,u:demo_user_416,train
demo_session_00292,u:demo_user_1487,train
demo_session_00293,u:demo_user_517,train
demo_session_00294,a:demo_anon_850,train
demo_session_00295,u:demo_user_812,test
demo_session_00296,a:demo_anon_1325,test
demo_session_00297,u:demo_user_684,test
demo_session_00298,u:demo_user_443,test
demo_session_00299,u:demo_user_33,train
demo_session_00300,u:demo_user_567,test
demo_session_00301,u:demo_user_1289,train
demo_session_00302,a:demo_anon_15,test
demo_session_00303,u:demo_user_1398,train
demo_session_00304,u:demo_user_846,train
demo_session_00305,u:demo_user_218,test
demo_session_00306,u:demo_user_471,test
demo_session_00307,u:demo_user_864,train
demo_session_00308,u:demo_user_492,test
demo_session_00309,u:demo_user_169,train
demo_session_00310,u:demo_user_1038,train
demo_session_00311,u:demo_user_1048,test
demo_session_00312,a:demo_anon_185,train
demo_session_00313,u:demo_user_438,train
demo_session_00314,a:demo_anon_380,train
demo_session_00315,u:demo_user_1028,test
demo_session_00316,u:demo_user_1139,test
demo_session_00317,u:demo_user_1134,train
demo_session_00318,u:demo_user_1464,train
demo_session_00319,u:demo_user_1199,train
demo_session_00320,a:demo_anon_500,test
demo_session_00321,u:demo_user_168,train
demo_session_00322,u:demo_user_958,train
demo_session_00323,u:demo_user_1428,test
demo_session_00324,u:demo_user_1521,train
demo_session_00325,u:demo_user_359,train
demo_session_00326,u:demo_user_368,train
demo_session_00327,u:demo_user_58,test
demo_session_00328,a:demo_anon_220,test
demo_session_00329,a:demo_anon_865,test
demo_session_00330,u:demo_user_853,train
demo_session_00331,u:demo_user_578,train
demo_session_00332,u:demo_user_483,train
demo_session_00333,u:demo_user_1294,train
demo_session_00334,u:demo_user_717,train
demo_session_00335,a:demo_anon_1260,train
demo_session_00336,u:demo_user_1502,test
demo_session_00337,u:demo_user_494,train
demo_session_00338,u:demo_user_316,test
demo_session_00339,u:demo_user_1486,test
demo_session_00340,a:demo_anon_990,train
demo_session_00341,u:demo_user_453,train
demo_session_00342,a:demo_anon_970,train
demo_session_00343,u:demo_user_803,train
demo_session_00344,u:demo_user_1412,train
demo_session_00345,u:demo_user_399,train
demo_session_00346,u:demo_user_1546,train
demo_session_00347,a:demo_anon_1460,test
demo_session_00348,u:demo_user_281,train
demo_session_00349,u:demo_user_256,test
demo_session_00350,u:demo_user_831,train
demo_session_00351,a:demo_anon_70,train
demo_session_00352,u:demo_user_466,train
demo_session_00353,u:demo_user_678,train
demo_session_00354,u:demo_user_1512,test
demo_session_00355,u:demo_user_1548,train
demo_session_00356,u:demo_user_236,train
demo_session_00357,u:demo_user_1391,train
demo_session_00358,u:demo_user_141,test
demo_session_00359,u:demo_user_1167,test
demo_session_00360,u:demo_user_1319,train
demo_session_00361,u:demo_user_1389,train
demo_session_00362,u:demo_user_348,train
demo_session_00363,u:demo_user_1393,train
demo_session_00364,a:demo_anon_180,test
demo_session_00365,u:demo_user_809,train
demo_session_00366,u:demo_user_732,test
demo_session_00367,u:demo_user_492,test
demo_session_00368,u:demo_user_34,train
demo_session_00369,u:demo_user_1204,train
demo_session_00370,u:demo_user_523,test
demo_session_00371,u:demo_user_1032,train
demo_session_00372,u:demo_user_639,train
demo_session_00373,u:demo_user_582,test
demo_session_00374,u:demo_user_1382,train
demo_session_00375,u:demo_user_147,train
demo_session_00376,u:demo_user_1149,train
demo_session_00377,u:demo_user_1164,train
demo_session_00378,u:demo_user_592,train
demo_session_00379,u:demo_user_409,train
demo_session_00380,u:demo_user_8,train
demo_session_00381,u:demo_user_1461,test
demo_session_00382,u:demo_user_1478,train
demo_session_00383,a:demo_anon_375,train
demo_session_00384,u:demo_user_49,train
demo_session_00385,u:demo_user_191,train
demo_session_00386,a:demo_anon_105,train
demo_session_00387,u:demo_user_1296,train
demo_session_00388,u:demo_user_1391,train
demo_session_00389,u:demo_user_239,train
demo_session_00390,u:demo_user_1164,train
demo_session_00391,u:demo_user_279,test
demo_session_00392,u:demo_user_572,test
demo_session_00393,a:demo_anon_935,train
demo_session_00394,u:demo_user_1123,train
demo_session_00395,u:demo_user_1364,test
demo_session_00396,u:demo_user_69,train
demo_session_00397,u:demo_user_306,train
demo_session_00398,u:demo_user_437,train
demo_session_00399,u:demo_user_484,train
demo_session_00400,u:demo_user_1556,train
demo_session_00401,u:demo_user_1212,train
demo_session_00402,u:demo_user_499,test
demo_session_00403,u:demo_user_1516,train
demo_session_00404,u:demo_user_778,train
demo_session_00405,u:demo_user_781,train
demo_session_00406,u:demo_user_676,test
demo_session_00407,u:demo_user_224,train
demo_session_00408,u:demo_user_1457,train
demo_session_00409,u:demo_user_21,train
demo_session_00410,u:demo_user_271,train
demo_session_00411,u:demo_user_358,train
demo_session_00412,a:demo_anon_435,test
demo_session_00413,a:demo_anon_205,train
demo_session_00414,u:demo_user_28,test
demo_session_00415,u:demo_user_1057,train
demo_session_00416,u:demo_user_1512,test
demo_session_00417,a:demo_anon_190,train
demo_session_00418,u:demo_user_462,train
demo_session_00419,u:demo_user_789,train
demo_session_00420,u:demo_user_1446,test
demo_session_00421,u:demo_user_1083,test
demo_session_00422,a:demo_anon_1195,train
demo_session_00423,u:demo_user_906,train
demo_session_00424,a:demo_anon_650,test
demo_session_00425,u:demo_user_311,train
demo_session_00426,u:demo_user_1348,train
demo_session_00427,u:demo_user_1254,train
demo_session_00428,u:demo_user_39,test
demo_session_00429,u:demo_user_1116,train
demo_session_00430,u:demo_user_131,train
demo_session_00431,u:demo_user_1152,train
demo_session_00432,u:demo_user_1288,train
demo_session_00433,u:demo_user_204,test
demo_session_00434,u:demo_user_676,test
demo_session_00435,u:demo_user_193,train
demo_session_00436,u:demo_user_884,train
demo_session_00437,u:demo_user_1446,test
demo_session_00438,u:demo_user_126,train
demo_session_00439,a:demo_anon_620,train
demo_session_00440,u:demo_user_1518,train
demo_session_00441,u:demo_user_469,test
demo_session_00442,u:demo_user_206,test
demo_session_00443,u:demo_user_762,train
demo_session_00444,u:demo_user_793,test
demo_session_00445,u:demo_user_1034,train
demo_session_00446,u:demo_user_489,test
demo_session_00447,a:demo_anon_1490,train
demo_session_00448,u:demo_user_812,test
demo_session_00449,u:demo_user_446,train
demo_session_00450,u:demo_user_1498,train
demo_session_00451,u:demo_user_1442,train
demo_session_00452,u:demo_user_778,train
demo_session_00453,u:demo_user_38,test
demo_session_00454,u:demo_user_931,train
demo_session_00455,u:demo_user_866,test
demo_session_00456,u:demo_user_231,train
demo_session_00457,u:demo_user_989,test
demo_session_00458,u:demo_user_1311,train
demo_session_00459,a:demo_anon_165,train
demo_session_00460,u:demo_user_1128,train
demo_session_00461,u:demo_user_218,test
demo_session_00462,u:demo_user_1168,train
demo_session_00463,u:demo_user_653,train
demo_session_00464,a:demo_anon_10,train
demo_session_00465,u:demo_user_1507,test
demo_session_00466,u:demo_user_258,test
demo_session_00467,u:demo_user_929,train
demo_session_00468,u:demo_user_283,train
demo_session_00469,a:demo_anon_1455,train
demo_session_00470,u:demo_user_1151,train
demo_session_00471,u:demo_user_1254,train
demo_session_00472,u:demo_user_674,train
demo_session_00473,u:demo_user_729,train
demo_session_00474,u:demo_user_989,test
demo_session_00475,u:demo_user_1224,train
demo_session_00476,u:demo_user_1321,train
demo_session_00477,u:demo_user_27,test
demo_session_00478,a:demo_anon_1035,train
demo_session_00479,a:demo_anon_170,train
demo_session_00480,u:demo_user_449,train
demo_session_00481,u:demo_user_1293,train
demo_session_00482,a:demo_anon_390,test
demo_session_00483,u:demo_user_1243,train
demo_session_00484,u:demo_user_722,train
demo_session_00485,u:demo_user_362,test
demo_session_00486,u:demo_user_521,train
demo_session_00487,u:demo_user_828,train
demo_session_00488,u:demo_user_1193,train
demo_session_00489,a:demo_anon_945,test
demo_session_00490,a:demo_anon_1455,train
demo_session_00491,u:demo_user_1353,train
demo_session_00492,a:demo_anon_1175,test
demo_session_00493,a:demo_anon_940,train
demo_session_00494,u:demo_user_452,train
demo_session_00495,u:demo_user_643,test
demo_session_00496,a:demo_anon_185,train
demo_session_00497,u:demo_user_583,train
demo_session_00498,a:demo_anon_1445,train
demo_session_00499,u:demo_user_664,train
demo_session_00500,u:demo_user_177,train
demo_session_00501,u:demo_user_1017,train
demo_session_00502,u:demo_user_1501,train
demo_session_00503,u:demo_user_1353,train
demo_session_00504,u:demo_user_427,train
demo_session_00505,u:demo_user_708,train
demo_session_00506,u:demo_user_828,train
demo_session_00507,u:demo_user_386,train
demo_session_00508,u:demo_user_419,train
demo_session_00509,u:demo_user_369,train
demo_session_00510,u:demo_user_1551,test
demo_session_00511,u:demo_user_1163,test
demo_session_00512,u:demo_user_1311,train
demo_session_00513,u:demo_user_1273,train
demo_session_00514,u:demo_user_1496,test
demo_session_00515,u:demo_user_164,train
demo_session_00516,a:demo_anon_1375,train
demo_session_00517,u:demo_user_103,train
demo_session_00518,u:demo_user_741,train
demo_session_00519,u:demo_user_927,train
demo_session_00520,u:demo_user_558,train
demo_session_00521,u:demo_user_228,test
demo_session_00522,u:demo_user_299,test
demo_session_00523,u:demo_user_1286,test
demo_session_00524,u:demo_user_497,test
demo_session_00525,u:demo_user_484,train
demo_session_00526,a:demo_anon_1440,train
demo_session_00527,u:demo_user_224,train
demo_session_00528,u:demo_user_1427,train
demo_session_00529,u:demo_user_1436,train
demo_session_00530,u:demo_user_933,train
demo_session_00531,u:demo_user_258,test
demo_session_00532,u:demo_user_243,train
demo_session_00533,u:demo_user_444,train
demo_session_00534,a:demo_anon_900,train
demo_session_00535,u:demo_user_239,train
demo_session_00536,a:demo_anon_710,train
demo_session_00537,a:demo_anon_180,test
demo_session_00538,u:demo_user_842,train
demo_session_00539,u:demo_user_32,train
demo_session_00540,u:demo_user_1106,train
demo_session_00541,u:demo_user_86,train
demo_session_00542,u:demo_user_303,train
demo_session_00543,u:demo_user_272,train
demo_session_00544,u:demo_user_1296,train
demo_session_00545,u:demo_user_83,test
demo_session_00546,u:demo_user_669,train
demo_session_00547,u:demo_user_922,train
demo_session_00548,u:demo_user_804,train
demo_session_00549,u:demo_user_1061,train
demo_session_00550,u:demo_user_1252,test
demo_session_00551,u:demo_user_614,train
demo_session_00552,u:demo_user_1292,test
demo_session_00553,u:demo_user_496,train
demo_session_00554,a:demo_anon_1535,train
demo_session_00555,u:demo_user_787,train
demo_session_00556,u:demo_user_1148,train
demo_session_00557,a:demo_anon_1365,train
demo_session_00558,u:demo_user_1236,train
demo_session_00559,u:demo_user_1327,test
demo_session_00560,u:demo_user_836,train
demo_session_00561,u:demo_user_67,train
demo_session_00562,u:demo_user_769,train
demo_session_00563,u:demo_user_283,train
demo_session_00564,u:demo_user_1387,train
demo_session_00565,u:demo_user_369,train
demo_session_00566,a:demo_anon_355,test
demo_session_00567,u:demo_user_389,train
demo_session_00568,u:demo_user_1002,test
demo_session_00569,u:demo_user_891,train
demo_session_00570,a:demo_anon_1480,train
demo_session_00571,u:demo_user_649,train
demo_session_00572,a:demo_anon_440,train
demo_session_00573,u:demo_user_76,train
demo_session_00574,u:demo_user_11,train
demo_session_00575,u:demo_user_582,test
demo_session_00576,u:demo_user_1444,train
demo_session_00577,u:demo_user_817,train
demo_session_00578,u:demo_user_1393,train
demo_session_00579,u:demo_user_158,train
demo_session_00580,a:demo_anon_145,test
demo_session_00581,a:demo_anon_1300,test
demo_session_00582,u:demo_user_166,train
demo_session_00583,u:demo_user_81,train
demo_session_00584,a:demo_anon_630,train
demo_session_00585,u:demo_user_1442,train
demo_session_00586,a:demo_anon_1075,train
demo_session_00587,u:demo_user_154,train
demo_session_00588,a:demo_anon_1305,train
demo_session_00589,a:demo_anon_1315,train
demo_session_00590,u:demo_user_1249,test
demo_session_00591,u:demo_user_1408,train
demo_session_00592,u:demo_user_374,train
demo_session_00593,u:demo_user_1528,test
demo_session_00594,a:demo_anon_500,test
demo_session_00595,u:demo_user_1251,train
demo_session_00596,u:demo_user_903,test
demo_session_00597,a:demo_anon_1215,train
demo_session_00598,u:demo_user_979,train
demo_session_00599,u:demo_user_1002,test
demo_session_00600,u:demo_user_961,train
demo_session_00601,a:demo_anon_1215,train
demo_session_00602,u:demo_user_1152,train
demo_session_00603,u:demo_user_209,train
demo_session_00604,u:demo_user_1288,train
demo_session_00605,u:demo_user_836,train
demo_session_00606,u:demo_user_504,train
demo_session_00607,u:demo_user_802,test
demo_session_00608,u:demo_user_1508,test
demo_session_00609,u:demo_user_1337,train
demo_session_00610,a:demo_anon_1300,test
demo_session_00611,u:demo_user_721,train
demo_session_00612,u:demo_user_1223,train
demo_session_00613,a:demo_anon_600,train
demo_session_00614,a:demo_anon_1070,train
demo_session_00615,u:demo_user_997,train
demo_session_00616,u:demo_user_389,train
demo_session_00617,a:demo_anon_415,test
demo_session_00618,a:demo_anon_95,train
demo_session_00619,u:demo_user_218,test
demo_session_00620,u:demo_user_676,test
demo_session_00621,a:demo_anon_745,train
demo_session_00622,u:demo_user_257,train
demo_session_00623,a:demo_anon_650,test
demo_session_00624,u:demo_user_942,train
demo_session_00625,u:demo_user_362,test
demo_session_00626,u:demo_user_527,test
demo_session_00627,u:demo_user_573,train
demo_session_00628,u:demo_user_787,train
demo_session_00629,u:demo_user_571,train
demo_session_00630,u:demo_user_1149,train
demo_session_00631,a:demo_anon_510,test
demo_session_00632,u:demo_user_676,test
demo_session_00633,u:demo_user_591,test
demo_session_00634,a:demo_anon_285,train
demo_session_00635,u:demo_user_1069,train
demo_session_00636,u:demo_user_367,train
demo_session_00637,u:demo_user_463,train
demo_session_00638,u:demo_user_1236,train
demo_session_00639,a:demo_anon_1480,train
demo_session_00640,u:demo_user_1046,train
demo_session_00641,u:demo_user_1429,train
demo_session_00642,u:demo_user_1332,train
demo_session_00643,a:demo_anon_750,test
demo_session_00644,u:demo_user_1201,train
demo_session_00645,u:demo_user_512,train
demo_session_00646,u:demo_user_718,train
demo_session_00647,a:demo_anon_835,train
demo_session_00648,u:demo_user_1498,train
demo_session_00649,u:demo_user_1323,test
demo_session_00650,u:demo_user_763,train
demo_session_00651,u:demo_user_1018,train
demo_session_00652,a:demo_anon_315,train
demo_session_00653,u:demo_user_1254,train
demo_session_00654,u:demo_user_862,train
demo_session_00655,u:demo_user_831,train
demo_session_00656,a:demo_anon_1195,train
demo_session_00657,u:demo_user_987,train
demo_session_00658,u:demo_user_113,train
demo_session_00659,u:demo_user_449,train
demo_session_00660,a:demo_anon_275,train
demo_session_00661,u:demo_user_1146,train
demo_session_00662,u:demo_user_54,train
demo_session_00663,a:demo_anon_315,train
demo_session_00664,u:demo_user_932,test
demo_session_00665,u:demo_user_1083,test
demo_session_00666,a:demo_anon_785,train
demo_session_00667,u:demo_user_1342,test
demo_session_00668,u:demo_user_1433,train
demo_session_00669,u:demo_user_206,test
demo_session_00670,a:demo_anon_1485,test
demo_session_00671,u:demo_user_958,train
demo_session_00672,u:demo_user_992,train
demo_session_00673,u:demo_user_148,test
demo_session_00674,a:demo_anon_970,train
demo_session_00675,u:demo_user_1132,test
demo_session_00676,u:demo_user_906,train
demo_session_00677,u:demo_user_131,train
demo_session_00678,u:demo_user_816,train
demo_session_00679,a:demo_anon_1460,test
demo_session_00680,u:demo_user_1128,train
demo_session_00681,u:demo_user_214,train
demo_session_00682,u:demo_user_1497,train
demo_session_00683,a:demo_anon_1495,train
demo_session_00684,u:demo_user_264,train
demo_session_00685,u:demo_user_1249,test
demo_session_00686,u:demo_user_634,train
demo_session_00687,u:demo_user_926,train
demo_session_00688,u:demo_user_694,train
demo_session_00689,a:demo_anon_1220,train
demo_session_00690,u:demo_user_1554,test
demo_session_00691,a:demo_anon_1240,train
demo_session_00692,u:demo_user_1452,test
demo_session_00693,a:demo_anon_1475,test
demo_session_00694,a:demo_anon_140,train
demo_session_00695,a:demo_anon_395,train
demo_session_00696,u:demo_user_1126,train
demo_session_00697,a:demo_anon_920,train
demo_session_00698,u:demo_user_78,train
demo_session_00699,u:demo_user_148,test
demo_session_00700,u:demo_user_812,test
demo_session_00701,u:demo_user_961,train
demo_session_00702,u:demo_user_261,train
demo_session_00703,u:demo_user_267,test
demo_session_00704,u:demo_user_201,train
demo_session_00705,u:demo_user_881,train
demo_session_00706,u:demo_user_12,train
demo_session_00707,u:demo_user_892,train
demo_session_00708,u:demo_user_742,train
demo_session_00709,u:demo_user_726,train
demo_session_00710,u:demo_user_1059,train
demo_session_00711,a:demo_anon_815,test
demo_session_00712,a:demo_anon_1135,test
demo_session_00713,u:demo_user_1191,test
demo_session_00714,a:demo_anon_1435,train
demo_session_00715,u:demo_user_1246,train
demo_session_00716,u:demo_user_807,train
demo_session_00717,u:demo_user_767,train
demo_session_00718,u:demo_user_367,train
demo_session_00719,a:demo_anon_935,train
demo_session_00720,u:demo_user_217,train
demo_session_00721,u:demo_user_1452,test
demo_session_00722,u:demo_user_1318,train
demo_session_00723,u:demo_user_186,train
demo_session_00724,u:demo_user_1226,test
demo_session_00725,u:demo_user_182,train
demo_session_00726,a:demo_anon_1125,train
demo_session_00727,u:demo_user_136,test
demo_session_00728,u:demo_user_761,train
demo_session_00729,u:demo_user_1026,train
demo_session_00730,u:demo_user_1136,train
demo_session_00731,u:demo_user_653,train
demo_session_00732,u:demo_user_1437,test
demo_session_00733,u:demo_user_1207,train
demo_session_00734,u:demo_user_324,train
demo_session_00735,u:demo_user_1047,test
demo_session_00736,u:demo_user_1139,test
demo_session_00737,a:demo_anon_520,train
demo_session_00738,u:demo_user_1151,train
demo_session_00739,u:demo_user_1401,train
demo_session_00740,u:demo_user_1274,train
demo_session_00741,u:demo_user_1189,train
demo_session_00742,u:demo_user_989,test
demo_session_00743,u:demo_user_422,train
demo_session_00744,a:demo_anon_1240,train
demo_session_00745,u:demo_user_568,test
demo_session_00746,a:demo_anon_830,train
demo_session_00747,a:demo_anon_490,train
demo_session_00748,u:demo_user_488,train
demo_session_00749,a:demo_anon_245,train
demo_session_00750,u:demo_user_1499,train
demo_session_00751,a:demo_anon_230,test
demo_session_00752,u:demo_user_134,train
demo_session_00753,a:demo_anon_1460,test
demo_session_00754,a:demo_anon_865,test
demo_session_00755,u:demo_user_683,test
demo_session_00756,a:demo_anon_1150,train
demo_session_00757,u:demo_user_597,test
demo_session_00758,u:demo_user_199,train
demo_session_00759,u:demo_user_1138,test
demo_session_00760,u:demo_user_274,train
demo_session_00761,u:demo_user_862,train
demo_session_00762,a:demo_anon_1480,train
demo_session_00763,a:demo_anon_1460,test
demo_session_00764,u:demo_user_562,train
demo_session_00765,u:demo_user_1217,train
demo_session_00766,a:demo_anon_955,test
demo_session_00767,u:demo_user_747,train
demo_session_00768,u:demo_user_218,test
demo_session_00769,u:demo_user_587,train
demo_session_00770,u:demo_user_1016,train
demo_session_00771,u:demo_user_1539,train
demo_session_00772,u:demo_user_7,test
demo_session_00773,u:demo_user_1119,train
demo_session_00774,a:demo_anon_1320,train
demo_session_00775,u:demo_user_1483,train
demo_session_00776,u:demo_user_661,train
demo_session_00777,u:demo_user_184,train
demo_session_00778,u:demo_user_422,train
demo_session_00779,u:demo_user_1326,train
demo_session_00780,u:demo_user_1369,train
demo_session_00781,u:demo_user_993,train
demo_session_00782,u:demo_user_191,train
demo_session_00783,a:demo_anon_190,train
demo_session_00784,a:demo_anon_745,train
demo_session_00785,u:demo_user_917,train
demo_session_00786,a:demo_anon_50,test
demo_session_00787,a:demo_anon_1070,train
demo_session_00788,u:demo_user_849,train
demo_session_00789,u:demo_user_19,test
demo_session_00790,u:demo_user_149,train
demo_session_00791,u:demo_user_708,train
demo_session_00792,u:demo_user_1127,test
demo_session_00793,u:demo_user_1287,train
demo_session_00794,u:demo_user_672,test
demo_session_00795,a:demo_anon_460,train
demo_session_00796,a:demo_anon_1510,train
demo_session_00797,a:demo_anon_715,train
demo_session_00798,u:demo_user_492,test
demo_session_00799,a:demo_anon_690,test
demo_session_00800,u:demo_user_18,test
demo_session_00801,u:demo_user_471,test
demo_session_00802,u:demo_user_804,train
demo_session_00803,u:demo_user_1432,train
demo_session_00804,u:demo_user_1151,train
demo_session_00805,u:demo_user_1218,train
demo_session_00806,a:demo_anon_850,train
demo_session_00807,u:demo_user_172,test
demo_session_00808,u:demo_user_609,test
demo_session_00809,a:demo_anon_1555,train
demo_session_00810,u:demo_user_68,test
demo_session_00811,u:demo_user_1371,train
demo_session_00812,u:demo_user_1067,test
demo_session_00813,u:demo_user_442,train
demo_session_00814,u:demo_user_1213,train
demo_session_00815,a:demo_anon_1305,train
demo_session_00816,u:demo_user_67,train
demo_session_00817,u:demo_user_166,train
demo_session_00818,u:demo_user_1038,train
demo_session_00819,u:demo_user_1558,train
demo_session_00820,u:demo_user_37,test
demo_session_00821,u:demo_user_1038,train
demo_session_00822,u:demo_user_212,test
demo_session_00823,u:demo_user_1014,train
demo_session_00824,u:demo_user_972,train
demo_session_00825,u:demo_user_141,test
demo_session_00826,u:demo_user_1061,train
demo_session_00827,u:demo_user_1399,train
demo_session_00828,u:demo_user_1346,test
demo_session_00829,a:demo_anon_45,train
demo_session_00830,u:demo_user_383,train
demo_session_00831,a:demo_anon_375,train
demo_session_00832,u:demo_user_707,test
demo_session_00833,u:demo_user_223,test
demo_session_00834,u:demo_user_1332,train
demo_session_00835,u:demo_user_1211,train
demo_session_00836,u:demo_user_1261,train
demo_session_00837,u:demo_user_309,train
demo_session_00838,u:demo_user_22,train
demo_session_00839,a:demo_anon_1420,test
demo_session_00840,a:demo_anon_450,train
demo_session_00841,u:demo_user_1023,train
demo_session_00842,u:demo_user_1418,test
demo_session_00843,u:demo_user_56,train
demo_session_00844,u:demo_user_8,train
demo_session_00845,u:demo_user_8,train
demo_session_00846,u:demo_user_243,train
demo_session_00847,a:demo_anon_80,train
demo_session_00848,u:demo_user_1279,test
demo_session_00849,a:demo_anon_945,test
demo_session_00850,u:demo_user_1528,test
demo_session_00851,a:demo_anon_1250,test
demo_session_00852,u:demo_user_1502,test
demo_session_00853,u:demo_user_372,train
demo_session_00854,u:demo_user_448,test
demo_session_00855,a:demo_anon_1325,test
demo_session_00856,u:demo_user_382,train
demo_session_00857,u:demo_user_89,test
demo_session_00858,u:demo_user_1043,train
demo_session_00859,u:demo_user_1249,test
demo_session_00860,a:demo_anon_1510,train
demo_session_00861,u:demo_user_1447,train
demo_session_00862,u:demo_user_187,train
demo_session_00863,u:demo_user_1204,train
demo_session_00864,u:demo_user_1319,train
demo_session_00865,u:demo_user_1089,train
demo_session_00866,u:demo_user_1278,train
demo_session_00867,u:demo_user_1307,test
demo_session_00868,u:demo_user_696,train
demo_session_00869,u:demo_user_62,train
demo_session_00870,u:demo_user_711,train
demo_session_00871,u:demo_user_314,train
demo_session_00872,u:demo_user_177,train
demo_session_00873,u:demo_user_194,train
demo_session_00874,u:demo_user_1087,test
demo_session_00875,u:demo_user_787,train
demo_session_00876,u:demo_user_842,train
demo_session_00877,u:demo_user_1162,train
demo_session_00878,a:demo_anon_855,train
demo_session_00879,u:demo_user_982,test
demo_session_00880,u:demo_user_134,train
demo_session_00881,u:demo_user_1327,test
demo_session_00882,a:demo_anon_700,train
demo_session_00883,u:demo_user_242,train
demo_session_00884,u:demo_user_1268,train
demo_session_00885,u:demo_user_1146,train
demo_session_00886,u:demo_user_82,train
demo_session_00887,u:demo_user_301,train
demo_session_00888,u:demo_user_24,train
demo_session_00889,u:demo_user_422,train
demo_session_00890,a:demo_anon_155,test
demo_session_00891,u:demo_user_1107,test
demo_session_00892,a:demo_anon_815,test
demo_session_00893,u:demo_user_1529,train
demo_session_00894,u:demo_user_1169,train
demo_session_00895,u:demo_user_954,test
demo_session_00896,u:demo_user_794,train
demo_session_00897,a:demo_anon_85,train
demo_session_00898,u:demo_user_109,test
demo_session_00899,u:demo_user_961,train
demo_session_00900,u:demo_user_6,test
demo_session_00901,u:demo_user_66,train
demo_session_00902,u:demo_user_341,test
demo_session_00903,u:demo_user_1379,train
demo_session_00904,a:demo_anon_715,train
demo_session_00905,u:demo_user_1106,train
demo_session_00906,u:demo_user_642,train
demo_session_00907,a:demo_anon_270,train
demo_session_00908,u:demo_user_579,train
demo_session_00909,u:demo_user_143,train
demo_session_00910,u:demo_user_1201,train
demo_session_00911,u:demo_user_286,train
demo_session_00912,u:demo_user_587,train
demo_session_00913,u:demo_user_1528,test
demo_session_00914,u:demo_user_923,train
demo_session_00915,a:demo_anon_715,train
demo_session_00916,u:demo_user_847,train
demo_session_00917,u:demo_user_1223,train
demo_session_00918,u:demo_user_396,train
demo_session_00919,u:demo_user_992,train
demo_session_00920,u:demo_user_1361,train
demo_session_00921,u:demo_user_892,train
demo_session_00922,u:demo_user_696,train
demo_session_00923,u:demo_user_226,train
demo_session_00924,u:demo_user_387,train
demo_session_00925,a:demo_anon_1475,test
demo_session_00926,u:demo_user_844,train
demo_session_00927,a:demo_anon_470,train
demo_session_00928,u:demo_user_652,test
demo_session_00929,u:demo_user_901,train
demo_session_00930,u:demo_user_838,train
demo_session_00931,u:demo_user_1091,train
demo_session_00932,u:demo_user_401,train
demo_session_00933,u:demo_user_1012,train
demo_session_00934,a:demo_anon_690,test
demo_session_00935,u:demo_user_1467,train
demo_session_00936,u:demo_user_246,train
demo_session_00937,u:demo_user_231,train
demo_session_00938,a:demo_anon_720,train
demo_session_00939,u:demo_user_793,test
demo_session_00940,u:demo_user_1077,test
demo_session_00941,a:demo_anon_630,train
demo_session_00942,a:demo_anon_1425,train
demo_session_00943,u:demo_user_739,train
demo_session_00944,u:demo_user_201,train
demo_session_00945,a:demo_anon_185,train
demo_session_00946,u:demo_user_1518,train
demo_session_00947,u:demo_user_209,train
demo_session_00948,u:demo_user_1478,train
demo_session_00949,u:demo_user_433,train
demo_session_00950,a:demo_anon_145,test
demo_session_00951,a:demo_anon_475,train
demo_session_00952,u:demo_user_958,train
demo_session_00953,u:demo_user_667,train
demo_session_00954,a:demo_anon_1225,test
demo_session_00955,u:demo_user_953,train
demo_session_00956,a:demo_anon_625,test
demo_session_00957,a:demo_anon_990,train
demo_session_00958,a:demo_anon_1515,train
demo_session_00959,u:demo_user_642,train
demo_session_00960,u:demo_user_239,train
demo_session_00961,u:demo_user_637,test
demo_session_00962,a:demo_anon_1310,test
demo_session_00963,u:demo_user_339,train
demo_session_00964,a:demo_anon_1480,train
demo_session_00965,u:demo_user_917,train
demo_session_00966,u:demo_user_938,train
demo_session_00967,u:demo_user_494,train
demo_session_00968,a:demo_anon_1435,train
demo_session_00969,u:demo_user_56,train
demo_session_00970,a:demo_anon_465,test
demo_session_00971,u:demo_user_652,test
demo_session_00972,u:demo_user_744,train
demo_session_00973,u:demo_user_739,train
demo_session_00974,a:demo_anon_230,test
demo_session_00975,u:demo_user_351,test
demo_session_00976,u:demo_user_148,test
demo_session_00977,u:demo_user_893,train
demo_session_00978,u:demo_user_547,train
demo_session_00979,u:demo_user_882,train
demo_session_00980,u:demo_user_919,train
demo_session_00981,a:demo_anon_1095,train
demo_session_00982,u:demo_user_853,train
demo_session_00983,a:demo_anon_1010,train
demo_session_00984,a:demo_anon_915,train
demo_session_00985,u:demo_user_1017,train
demo_session_00986,u:demo_user_961,train
demo_session_00987,u:demo_user_493,test
demo_session_00988,u:demo_user_384,train
demo_session_00989,u:demo_user_1228,train
demo_session_00990,u:demo_user_534,train
demo_session_00991,u:demo_user_856,train
demo_session_00992,u:demo_user_307,train
demo_session_00993,u:demo_user_673,test
demo_session_00994,u:demo_user_826,train
demo_session_00995,u:demo_user_976,train
demo_session_00996,u:demo_user_821,train
demo_session_00997,u:demo_user_562,train
demo_session_00998,a:demo_anon_1500,test
demo_session_00999,u:demo_user_799,train
demo_session_01000,a:demo_anon_1260,train
demo_session_01001,u:demo_user_1149,train
demo_session_01002,a:demo_anon_870,train
demo_session_01003,u:demo_user_1382,train
demo_session_01004,a:demo_anon_200,train
demo_session_01005,u:demo_user_1436,train
demo_session_01006,u:demo_user_1326,train
demo_session_01007,a:demo_anon_785,train
demo_session_01008,u:demo_user_1144,train
demo_session_01009,u:demo_user_811,test
demo_session_01010,u:demo_user_419,train
demo_session_01011,u:demo_user_1247,test
demo_session_01012,u:demo_user_383,train
demo_session_01013,a:demo_anon_490,train
demo_session_01014,a:demo_anon_810,test
demo_session_01015,u:demo_user_1306,train
demo_session_01016,u:demo_user_598,train
demo_session_01017,a:demo_anon_770,test
demo_session_01018,u:demo_user_64,train
demo_session_01019,a:demo_anon_180,test
demo_session_01020,u:demo_user_87,train
demo_session_01021,u:demo_user_112,train
demo_session_01022,u:demo_user_1354,train
demo_session_01023,u:demo_user_1313,train
demo_session_01024,u:demo_user_1282,test
demo_session_01025,u:demo_user_86,train
demo_session_01026,u:demo_user_121,test
demo_session_01027,u:demo_user_437,train
demo_session_01028,u:demo_user_881,train
demo_session_01029,u:demo_user_521,train
demo_session_01030,a:demo_anon_760,train
demo_session_01031,u:demo_user_269,train
demo_session_01032,a:demo_anon_1140,train
demo_session_01033,u:demo_user_489,test
demo_session_01034,u:demo_user_103,train
demo_session_01035,u:demo_user_1158,train
demo_session_01036,u:demo_user_1408,train
demo_session_01037,u:demo_user_22,train
demo_session_01038,u:demo_user_681,train
demo_session_01039,a:demo_anon_1290,train
demo_session_01040,u:demo_user_1101,train
demo_session_01041,u:demo_user_1336,train
demo_session_01042,u:demo_user_647,train
demo_session_01043,a:demo_anon_580,train
demo_session_01044,u:demo_user_1106,train
demo_session_01045,u:demo_user_239,train
demo_session_01046,u:demo_user_373,train
demo_session_01047,u:demo_user_937,train
demo_session_01048,u:demo_user_1042,test
demo_session_01049,u:demo_user_186,train
demo_session_01050,u:demo_user_792,train
demo_session_01051,u:demo_user_569,train
demo_session_01052,u:demo_user_782,train
demo_session_01053,a:demo_anon_1495,train
demo_session_01054,u:demo_user_119,train
demo_session_01055,u:demo_user_1552,train
demo_session_01056,u:demo_user_701,train
demo_session_01057,u:demo_user_1204,train
demo_session_01058,u:demo_user_662,train
demo_session_01059,a:demo_anon_485,train
demo_session_01060,u:demo_user_1202,train
demo_session_01061,u:demo_user_1072,train
demo_session_01062,u:demo_user_224,train
demo_session_01063,a:demo_anon_1100,train
demo_session_01064,u:demo_user_1174,test
demo_session_01065,a:demo_anon_605,test
demo_session_01066,u:demo_user_1444,train
demo_session_01067,u:demo_user_999,train
demo_session_01068,a:demo_anon_520,train
demo_session_01069,u:demo_user_16,train
demo_session_01070,u:demo_user_1052,train
demo_session_01071,u:demo_user_326,train
demo_session_01072,a:demo_anon_1180,train
demo_session_01073,u:demo_user_819,train
demo_session_01074,u:demo_user_728,train
demo_session_01075,a:demo_anon_255,train
demo_session_01076,u:demo_user_1109,test
demo_session_01077,u:demo_user_258,test
demo_session_01078,u:demo_user_651,train
demo_session_01079,u:demo_user_1304,train
demo_session_01080,a:demo_anon_1435,train
demo_session_01081,u:demo_user_1543,train
demo_session_01082,u:demo_user_1494,train
demo_session_01083,u:demo_user_867,train
demo_session_01084,u:demo_user_312,test
demo_session_01085,u:demo_user_1308,train
demo_session_01086,a:demo_anon_1250,test
demo_session_01087,u:demo_user_1544,train
demo_session_01088,a:demo_anon_1015,train
demo_session_01089,a:demo_anon_220,test
demo_session_01090,u:demo_user_784,train
demo_session_01091,u:demo_user_699,train
demo_session_01092,u:demo_user_1314,test
demo_session_01093,u:demo_user_612,train
demo_session_01094,u:demo_user_512,train
demo_session_01095,u:demo_user_124,train
demo_session_01096,u:demo_user_1303,train
demo_session_01097,u:demo_user_1178,train
demo_session_01098,u:demo_user_64,train
demo_session_01099,u:demo_user_676,test
demo_session_01100,u:demo_user_748,train
demo_session_01101,u:demo_user_732,test
demo_session_01102,u:demo_user_1433,train
demo_session_01103,a:demo_anon_235,train
demo_session_01104,u:demo_user_477,train
demo_session_01105,u:demo_user_282,train
demo_session_01106,a:demo_anon_380,train
demo_session_01107,a:demo_anon_1415,train
demo_session_01108,u:demo_user_1467,train
demo_session_01109,u:demo_user_69,train
demo_session_01110,u:demo_user_986,train
demo_session_01111,u:demo_user_363,train
demo_session_01112,a:demo_anon_300,train
demo_session_01113,a:demo_anon_455,train
demo_session_01114,u:demo_user_303,train
demo_session_01115,u:demo_user_764,test
demo_session_01116,u:demo_user_1553,train
demo_session_01117,u:demo_user_914,test
demo_session_01118,u:demo_user_1128,train
demo_session_01119,u:demo_user_769,train
demo_session_01120,u:demo_user_21,train
demo_session_01121,u:demo_user_131,train
demo_session_01122,u:demo_user_419,train
demo_session_01123,a:demo_anon_380,train
demo_session_01124,u:demo_user_1311,train
demo_session_01125,a:demo_anon_1315,train
demo_session_01126,u:demo_user_1332,train
demo_session_01127,u:demo_user_994,train
demo_session_01128,u:demo_user_867,train
demo_session_01129,u:demo_user_1012,train
demo_session_01130,u:demo_user_634,train
demo_session_01131,a:demo_anon_1045,test
demo_session_01132,u:demo_user_1239,train
demo_session_01133,a:demo_anon_1190,train
demo_session_01134,u:demo_user_957,train
demo_session_01135,a:demo_anon_90,test
demo_session_01136,a:demo_anon_1130,train
demo_session_01137,u:demo_user_571,train
demo_session_01138,a:demo_anon_1160,train
demo_session_01139,u:demo_user_841,train
demo_session_01140,u:demo_user_1374,train
demo_session_01141,u:demo_user_527,test
demo_session_01142,u:demo_user_1452,test
demo_session_01143,u:demo_user_1317,train
demo_session_01144,u:demo_user_516,train
demo_session_01145,u:demo_user_752,test
demo_session_01146,u:demo_user_828,train
demo_session_01147,u:demo_user_1199,train
demo_session_01148,a:demo_anon_1075,train
demo_session_01149,u:demo_user_1329,train
demo_session_01150,u:demo_user_576,train
demo_session_01151,u:demo_user_787,train
demo_session_01152,u:demo_user_672,test
demo_session_01153,u:demo_user_1418,test
demo_session_01154,a:demo_anon_475,train
demo_session_01155,a:demo_anon_915,train
demo_session_01156,u:demo_user_187,train
demo_session_01157,u:demo_user_1326,train
demo_session_01158,u:demo_user_599,train
demo_session_01159,u:demo_user_531,test
demo_session_01160,u:demo_user_909,train
demo_session_01161,u:demo_user_778,train
demo_session_01162,u:demo_user_1322,test
demo_session_01163,u:demo_user_829,train
demo_session_01164,u:demo_user_806,train
demo_session_01165,u:demo_user_163,test
demo_session_01166,u:demo_user_34,train
demo_session_01167,u:demo_user_621,test
demo_session_01168,u:demo_user_1557,train
demo_session_01169,u:demo_user_1431,train
demo_session_01170,u:demo_user_981,train
demo_session_01171,u:demo_user_984,train
demo_session_01172,a:demo_anon_610,train
demo_session_01173,u:demo_user_276,train
demo_session_01174,u:demo_user_13,train
demo_session_01175,u:demo_user_528,train
demo_session_01176,u:demo_user_493,test
demo_session_01177,u:demo_user_298,train
demo_session_01178,u:demo_user_404,train
demo_session_01179,u:demo_user_38,test
demo_session_01180,u:demo_user_948,train
demo_session_01181,u:demo_user_1446,test
demo_session_01182,u:demo_user_1077,test
demo_session_01183,u:demo_user_699,train
demo_session_01184,a:demo_anon_655,train
demo_session_01185,u:demo_user_479,train
demo_session_01186,u:demo_user_222,train
demo_session_01187,u:demo_user_933,train
demo_session_01188,u:demo_user_883,train
demo_session_01189,u:demo_user_11,train
demo_session_01190,u:demo_user_648,train
demo_session_01191,u:demo_user_433,train
demo_session_01192,a:demo_anon_265,train
demo_session_01193,u:demo_user_1096,train
demo_session_01194,a:demo_anon_820,test
demo_session_01195,u:demo_user_988,train
demo_session_01196,u:demo_user_1113,train
demo_session_01197,u:demo_user_1531,train
demo_session_01198,u:demo_user_1252,test
demo_session_01199,u:demo_user_967,train
demo_session_01200,u:demo_user_1371,train
demo_session_01201,u:demo_user_744,train
demo_session_01202,u:demo_user_1536,test
demo_session_01203,u:demo_user_1187,train
demo_session_01204,a:demo_anon_1015,train
demo_session_01205,u:demo_user_1409,test
demo_session_01206,u:demo_user_803,train
demo_session_01207,u:demo_user_1124,test
demo_session_01208,u:demo_user_444,train
demo_session_01209,u:demo_user_1502,test
demo_session_01210,u:demo_user_972,train
demo_session_01211,u:demo_user_1219,train
demo_session_01212,u:demo_user_718,train
demo_session_01213,u:demo_user_1352,test
demo_session_01214,a:demo_anon_115,train
demo_session_01215,u:demo_user_178,train
demo_session_01216,u:demo_user_791,train
demo_session_01217,u:demo_user_1142,test
demo_session_01218,u:demo_user_1262,train
demo_session_01219,u:demo_user_686,train
demo_session_01220,u:demo_user_1013,train
demo_session_01221,u:demo_user_862,train
demo_session_01222,u:demo_user_1499,train
demo_session_01223,a:demo_anon_1020,train
demo_session_01224,a:demo_anon_650,test
demo_session_01225,u:demo_user_1512,test
demo_session_01226,u:demo_user_167,train
demo_session_01227,a:demo_anon_1535,train
demo_session_01228,a:demo_anon_240,train
demo_session_01229,u:demo_user_449,train
demo_session_01230,u:demo_user_1281,test
demo_session_01231,u:demo_user_1144,train
demo_session_01232,u:demo_user_1513,test
demo_session_01233,u:demo_user_1169,train
demo_session_01234,u:demo_user_993,train
demo_session_01235,a:demo_anon_540,train
demo_session_01236,u:demo_user_7,test
demo_session_01237,u:demo_user_193,train
demo_session_01238,u:demo_user_464,train
demo_session_01239,u:demo_user_63,train
demo_session_01240,u:demo_user_792,train
demo_session_01241,u:demo_user_1212,train
demo_session_01242,u:demo_user_1502,test
demo_session_01243,u:demo_user_763,train
demo_session_01244,a:demo_anon_1365,train
demo_session_01245,u:demo_user_1537,train
demo_session_01246,u:demo_user_1341,test
demo_session_01247,a:demo_anon_725,train
demo_session_01248,u:demo_user_507,train
demo_session_01249,a:demo_anon_1525,train
demo_session_01250,u:demo_user_377,train
demo_session_01251,u:demo_user_642,train
demo_session_01252,a:demo_anon_115,train
demo_session_01253,u:demo_user_1238,train
demo_session_01254,u:demo_user_1013,train
demo_session_01255,u:demo_user_132,test
demo_session_01256,u:demo_user_346,test
demo_session_01257,u:demo_user_866,test
demo_session_01258,u:demo_user_843,train
demo_session_01259,u:demo_user_1251,train
demo_session_01260,a:demo_anon_415,test
demo_session_01261,u:demo_user_1442,train
demo_session_01262,u:demo_user_693,train
demo_session_01263,u:demo_user_1283,train
demo_session_01264,u:demo_user_371,train
demo_session_01265,u:demo_user_57,test
demo_session_01266,a:demo_anon_85,train
demo_session_01267,u:demo_user_581,test
demo_session_01268,u:demo_user_1486,test
demo_session_01269,a:demo_anon_75,train
demo_session_01270,a:demo_anon_575,train
demo_session_01271,a:demo_anon_170,train
demo_session_01272,u:demo_user_1453,test
demo_session_01273,u:demo_user_1053,test
demo_session_01274,u:demo_user_1189,train
demo_session_01275,u:demo_user_1112,train
demo_session_01276,u:demo_user_1024,train
demo_session_01277,u:demo_user_1207,train
demo_session_01278,u:demo_user_12,train
demo_session_01279,a:demo_anon_1350,test
demo_session_01280,u:demo_user_1154,train
demo_session_01281,u:demo_user_1153,test
demo_session_01282,u:demo_user_613,test
demo_session_01283,u:demo_user_1249,test
demo_session_01284,a:demo_anon_595,test
demo_session_01285,u:demo_user_76,train
demo_session_01286,u:demo_user_1416,train
demo_session_01287,a:demo_anon_365,train
demo_session_01288,u:demo_user_158,train
demo_session_01289,a:demo_anon_970,train
demo_session_01290,u:demo_user_364,train
demo_session_01291,u:demo_user_1338,train
demo_session_01292,u:demo_user_692,train
demo_session_01293,u:demo_user_7,test
demo_session_01294,u:demo_user_1484,train
demo_session_01295,u:demo_user_802,test
demo_session_01296,a:demo_anon_410,test
demo_session_01297,u:demo_user_1056,train
demo_session_01298,u:demo_user_827,train
demo_session_01299,u:demo_user_46,train
demo_session_01300,a:demo_anon_1185,train
demo_session_01301,u:demo_user_626,train
demo_session_01302,u:demo_user_1091,train
demo_session_01303,u:demo_user_1397,test
demo_session_01304,u:demo_user_952,train
demo_session_01305,u:demo_user_1047,test
demo_session_01306,u:demo_user_397,train
demo_session_01307,a:demo_anon_370,train
demo_session_01308,u:demo_user_647,train
demo_session_01309,a:demo_anon_1330,train
demo_session_01310,u:demo_user_817,train
demo_session_01311,u:demo_user_542,train
demo_session_01312,u:demo_user_1216,train
demo_session_01313,u:demo_user_1331,train
demo_session_01314,u:demo_user_1407,train
demo_session_01315,u:demo_user_466,train
demo_session_01316,u:demo_user_1107,test
demo_session_01317,a:demo_anon_920,train
demo_session_01318,a:demo_anon_700,train
demo_session_01319,u:demo_user_619,train
demo_session_01320,u:demo_user_178,train
demo_session_01321,u:demo_user_428,train
demo_session_01322,u:demo_user_857,train
demo_session_01323,u:demo_user_1383,train
demo_session_01324,u:demo_user_1351,test
demo_session_01325,u:demo_user_292,test
demo_session_01326,u:demo_user_1059,train
demo_session_01327,u:demo_user_132,test
demo_session_01328,u:demo_user_1053,test
demo_session_01329,u:demo_user_533,train
demo_session_01330,u:demo_user_701,train
demo_session_01331,u:demo_user_1119,train
demo_session_01332,u:demo_user_662,train
demo_session_01333,u:demo_user_1259,train
demo_session_01334,u:demo_user_832,train
demo_session_01335,u:demo_user_1558,train
demo_session_01336,a:demo_anon_995,test
demo_session_01337,u:demo_user_462,train
demo_session_01338,u:demo_user_1209,test
demo_session_01339,u:demo_user_636,train
demo_session_01340,u:demo_user_833,train
demo_session_01341,u:demo_user_213,test
demo_session_01342,u:demo_user_186,train
demo_session_01343,u:demo_user_896,test
demo_session_01344,u:demo_user_291,train
demo_session_01345,u:demo_user_1556,train
demo_session_01346,u:demo_user_1334,train
demo_session_01347,u:demo_user_1093,train
demo_session_01348,u:demo_user_1146,train
demo_session_01349,u:demo_user_928,test
demo_session_01350,u:demo_user_94,train
demo_session_01351,u:demo_user_612,train
demo_session_01352,u:demo_user_773,train
demo_session_01353,u:demo_user_1427,train
demo_session_01354,u:demo_user_342,train
demo_session_01355,a:demo_anon_775,train
demo_session_01356,u:demo_user_536,test
demo_session_01357,u:demo_user_209,train
demo_session_01358,a:demo_anon_160,train
demo_session_01359,u:demo_user_569,train
demo_session_01360,u:demo_user_128,train
demo_session_01361,u:demo_user_104,train
demo_session_01362,u:demo_user_547,train
demo_session_01363,a:demo_anon_315,train
demo_session_01364,a:demo_anon_865,test
demo_session_01365,u:demo_user_27,test
demo_session_01366,a:demo_anon_470,train
demo_session_01367,u:demo_user_707,test
demo_session_01368,u:demo_user_1502,test
demo_session_01369,u:demo_user_989,test
demo_session_01370,u:demo_user_1373,train
demo_session_01371,a:demo_anon_535,train
demo_session_01372,u:demo_user_701,train
demo_session_01373,a:demo_anon_655,train
demo_session_01374,u:demo_user_1384,train
demo_session_01375,u:demo_user_1496,test
demo_session_01376,u:demo_user_1501,train
demo_session_01377,u:demo_user_1173,train
demo_session_01378,u:demo_user_784,train
demo_session_01379,u:demo_user_843,train
demo_session_01380,u:demo_user_1529,train
demo_session_01381,u:demo_user_443,test
demo_session_01382,a:demo_anon_540,train
demo_session_01383,u:demo_user_1399,train
demo_session_01384,u:demo_user_602,train
demo_session_01385,u:demo_user_366,train
demo_session_01386,u:demo_user_874,test
demo_session_01387,u:demo_user_507,train
demo_session_01388,u:demo_user_1389,train
demo_session_01389,u:demo_user_1418,test
demo_session_01390,u:demo_user_477,train
demo_session_01391,u:demo_user_826,train
demo_session_01392,a:demo_anon_1535,train
demo_session_01393,u:demo_user_1158,train
demo_session_01394,u:demo_user_336,train
demo_session_01395,u:demo_user_921,test
demo_session_01396,u:demo_user_967,train
demo_session_01397,u:demo_user_1019,train
demo_session_01398,u:demo_user_39,test
demo_session_01399,u:demo_user_467,train
demo_session_01400,u:demo_user_1333,train
demo_session_01401,u:demo_user_376,test
demo_session_01402,u:demo_user_467,train
demo_session_01403,u:demo_user_503,train
demo_session_01404,u:demo_user_276,train
demo_session_01405,u:demo_user_242,train
demo_session_01406,u:demo_user_541,train
demo_session_01407,u:demo_user_1363,train
demo_session_01408,u:demo_user_2,train
demo_session_01409,u:demo_user_441,train
demo_session_01410,u:demo_user_94,train
demo_session_01411,a:demo_anon_875,test
demo_session_01412,a:demo_anon_390,test
demo_session_01413,a:demo_anon_1235,train
demo_session_01414,u:demo_user_912,train
demo_session_01415,u:demo_user_1222,train
demo_session_01416,a:demo_anon_990,train
demo_session_01417,u:demo_user_683,test
demo_session_01418,u:demo_user_1343,train
demo_session_01419,u:demo_user_742,train
demo_session_01420,u:demo_user_1481,train
demo_session_01421,u:demo_user_1551,test
demo_session_01422,u:demo_user_918,train
demo_session_01423,u:demo_user_1052,train
demo_session_01424,u:demo_user_398,train
demo_session_01425,a:demo_anon_1270,train
demo_session_01426,u:demo_user_1047,test
demo_session_01427,u:demo_user_1407,train
demo_session_01428,u:demo_user_416,train
demo_session_01429,u:demo_user_1228,train
demo_session_01430,u:demo_user_733,train
demo_session_01431,u:demo_user_288,train
demo_session_01432,u:demo_user_267,test
demo_session_01433,u:demo_user_876,train
demo_session_01434,u:demo_user_498,train
demo_session_01435,u:demo_user_158,train
demo_session_01436,u:demo_user_666,train
demo_session_01437,u:demo_user_1018,train
demo_session_01438,u:demo_user_497,test
demo_session_01439,a:demo_anon_1490,train
demo_session_01440,u:demo_user_1216,train
demo_session_01441,u:demo_user_799,train
demo_session_01442,u:demo_user_1458,train
demo_session_01443,a:demo_anon_675,train
demo_session_01444,u:demo_user_217,train
demo_session_01445,a:demo_anon_55,test
demo_session_01446,u:demo_user_1463,train
demo_session_01447,u:demo_user_1497,train
demo_session_01448,u:demo_user_1153,test
demo_session_01449,a:demo_anon_160,train
demo_session_01450,u:demo_user_458,train
demo_session_01451,u:demo_user_64,train
demo_session_01452,u:demo_user_79,test
demo_session_01453,u:demo_user_383,train
demo_session_01454,u:demo_user_892,train
demo_session_01455,u:demo_user_102,train
demo_session_01456,a:demo_anon_1535,train
demo_session_01457,u:demo_user_709,train
demo_session_01458,u:demo_user_411,train
demo_session_01459,a:demo_anon_805,train
demo_session_01460,u:demo_user_1232,test
demo_session_01461,u:demo_user_487,test
demo_session_01462,u:demo_user_74,train
demo_session_01463,u:demo_user_79,test
demo_session_01464,u:demo_user_1329,train
demo_session_01465,u:demo_user_174,train
demo_session_01466,u:demo_user_991,train
demo_session_01467,u:demo_user_599,train
demo_session_01468,u:demo_user_1212,train
demo_session_01469,u:demo_user_94,train
demo_session_01470,a:demo_anon_1400,train
demo_session_01471,u:demo_user_1089,train
demo_session_01472,a:demo_anon_700,train
demo_session_01473,u:demo_user_322,train
demo_session_01474,u:demo_user_1524,train
demo_session_01475,u:demo_user_471,test
demo_session_01476,a:demo_anon_765,test
demo_session_01477,u:demo_user_614,train
demo_session_01478,u:demo_user_359,train
demo_session_01479,u:demo_user_649,train
demo_session_01480,u:demo_user_236,train
demo_session_01481,u:demo_user_2,train
demo_session_01482,u:demo_user_452,train
demo_session_01483,u:demo_user_174,train
demo_session_01484,u:demo_user_647,train
demo_session_01485,a:demo_anon_1345,train
demo_session_01486,u:demo_user_253,train
demo_session_01487,u:demo_user_1,train
demo_session_01488,u:demo_user_173,train
demo_session_01489,u:demo_user_792,train
demo_session_01490,u:demo_user_428,train
demo_session_01491,u:demo_user_763,train
demo_session_01492,a:demo_anon_45,train
demo_session_01493,u:demo_user_519,train
demo_session_01494,u:demo_user_639,train
demo_session_01495,u:demo_user_672,test
demo_session_01496,u:demo_user_859,train
demo_session_01497,u:demo_user_1217,train
demo_session_01498,u:demo_user_728,train
demo_session_01499,u:demo_user_1312,train
demo_session_01500,u:demo_user_826,train
demo_session_01501,u:demo_user_406,train
demo_session_01502,u:demo_user_357,train
demo_session_01503,u:demo_user_503,train
demo_session_01504,u:demo_user_932,test
demo_session_01505,u:demo_user_378,train
demo_session_01506,u:demo_user_1426,test
demo_session_01507,u:demo_user_748,train
demo_session_01508,u:demo_user_1346,test
demo_session_01509,a:demo_anon_1065,train
demo_session_01510,a:demo_anon_520,train
demo_session_01511,u:demo_user_356,test
demo_session_01512,a:demo_anon_1160,train
demo_session_01513,a:demo_anon_515,train
demo_session_01514,a:demo_anon_385,test
demo_session_01515,u:demo_user_1451,test
demo_session_01516,u:demo_user_752,test
demo_session_01517,a:demo_anon_75,train
demo_session_01518,u:demo_user_771,train
demo_session_01519,u:demo_user_718,train
demo_session_01520,u:demo_user_1347,train
demo_session_01521,a:demo_anon_1110,train
demo_session_01522,u:demo_user_298,train
demo_session_01523,u:demo_user_234,train
demo_session_01524,u:demo_user_941,train
demo_session_01525,u:demo_user_73,train
demo_session_01526,u:demo_user_497,test
demo_session_01527,a:demo_anon_215,train
demo_session_01528,u:demo_user_32,train
demo_session_01529,u:demo_user_1433,train
demo_session_01530,a:demo_anon_140,train
demo_session_01531,u:demo_user_14,train
demo_session_01532,a:demo_anon_1455,train
demo_session_01533,u:demo_user_293,test
demo_session_01534,u:demo_user_1273,train
demo_session_01535,u:demo_user_48,test
demo_session_01536,u:demo_user_239,train
demo_session_01537,u:demo_user_172,test
demo_session_01538,u:demo_user_1101,train
demo_session_01539,u:demo_user_967,train
demo_session_01540,u:demo_user_741,train
demo_session_01541,u:demo_user_376,test
demo_session_01542,u:demo_user_138,train
demo_session_01543,u:demo_user_887,train
demo_session_01544,u:demo_user_359,train
demo_session_01545,a:demo_anon_920,train
demo_session_01546,u:demo_user_1072,train
demo_session_01547,a:demo_anon_1325,test
demo_session_01548,a:demo_anon_770,test
demo_session_01549,u:demo_user_7,test
demo_session_01550,u:demo_user_437,train
demo_session_01551,u:demo_user_1331,train
demo_session_01552,u:demo_user_831,train
demo_session_01553,a:demo_anon_965,train
demo_session_01554,u:demo_user_714,test
demo_session_01555,u:demo_user_253,train
demo_session_01556,u:demo_user_1398,train
demo_session_01557,a:demo_anon_1205,train
demo_session_01558,u:demo_user_1552,train
demo_session_01559,u:demo_user_1334,train
demo_session_01560,u:demo_user_454,train
demo_session_01561,u:demo_user_396,train
demo_session_01562,u:demo_user_387,train
demo_session_01563,u:demo_user_1433,train
demo_session_01564,u:demo_user_868,train
demo_session_01565,u:demo_user_708,train
demo_session_01566,a:demo_anon_1510,train
demo_session_01567,u:demo_user_941,train
demo_session_01568,u:demo_user_1418,test
demo_session_01569,u:demo_user_1536,test
demo_session_01570,u:demo_user_123,train
demo_session_01571,u:demo_user_563,test
demo_session_01572,a:demo_anon_1145,train
demo_session_01573,u:demo_user_1268,train
demo_session_01574,u:demo_user_231,train
demo_session_01575,u:demo_user_496,train
demo_session_01576,a:demo_anon_855,train
demo_session_01577,u:demo_user_1246,train
demo_session_01578,u:demo_user_176,train
demo_session_01579,u:demo_user_937,train
demo_session_01580,u:demo_user_462,train
demo_session_01581,u:demo_user_337,train
demo_session_01582,u:demo_user_804,train
demo_session_01583,a:demo_anon_645,train
demo_session_01584,u:demo_user_991,train
demo_session_01585,a:demo_anon_495,train
demo_session_01586,u:demo_user_1284,train
demo_session_01587,u:demo_user_121,test
demo_session_01588,u:demo_user_1344,train
demo_session_01589,u:demo_user_46,train
demo_session_01590,u:demo_user_1147,train
demo_session_01591,a:demo_anon_540,train
demo_session_01592,u:demo_user_598,train
demo_session_01593,u:demo_user_29,train
demo_session_01594,a:demo_anon_1095,train
demo_session_01595,u:demo_user_258,test
demo_session_01596,u:demo_user_1028,test
demo_session_01597,u:demo_user_1131,train
demo_session_01598,u:demo_user_1318,train
demo_session_01599,u:demo_user_1104,test
demo_session_01600,a:demo_anon_470,train
demo_session_01601,u:demo_user_1152,train
demo_session_01602,u:demo_user_1288,train
demo_session_01603,u:demo_user_494,train
demo_session_01604,u:demo_user_193,train
demo_session_01605,u:demo_user_1388,train
demo_session_01606,a:demo_anon_230,test
demo_session_01607,u:demo_user_926,train
demo_session_01608,u:demo_user_368,train
demo_session_01609,u:demo_user_196,test
demo_session_01610,u:demo_user_1211,train
demo_session_01611,u:demo_user_224,train
demo_session_01612,a:demo_anon_1045,test
demo_session_01613,u:demo_user_1081,train
demo_session_01614,u:demo_user_93,test
demo_session_01615,u:demo_user_269,train
demo_session_01616,u:demo_user_1239,train
demo_session_01617,u:demo_user_791,train
demo_session_01618,u:demo_user_189,test
demo_session_01619,u:demo_user_1547,test
demo_session_01620,u:demo_user_413,train
demo_session_01621,u:demo_user_6,test
demo_session_01622,u:demo_user_1441,train
demo_session_01623,a:demo_anon_25,test
demo_session_01624,u:demo_user_863,train
demo_session_01625,u:demo_user_1549,train
demo_session_01626,u:demo_user_901,train
demo_session_01627,u:demo_user_912,train
demo_session_01628,a:demo_anon_605,test
demo_session_01629,u:demo_user_197,train
demo_session_01630,u:demo_user_893,train
demo_session_01631,u:demo_user_1399,train
demo_session_01632,u:demo_user_142,train
demo_session_01633,u:demo_user_1373,train
demo_session_01634,u:demo_user_647,train
demo_session_01635,u:demo_user_836,train
demo_session_01636,u:demo_user_258,test
demo_session_01637,u:demo_user_969,train
demo_session_01638,u:demo_user_284,train
demo_session_01639,u:demo_user_426,train
demo_session_01640,a:demo_anon_1125,train
demo_session_01641,u:demo_user_78,train
demo_session_01642,u:demo_user_697,train
demo_session_01643,u:demo_user_927,train
demo_session_01644,a:demo_anon_205,train
demo_session_01645,u:demo_user_459,test
demo_session_01646,a:demo_anon_535,train
demo_session_01647,a:demo_anon_1035,train
demo_session_01648,u:demo_user_1523,train
demo_session_01649,u:demo_user_1304,train
demo_session_01650,u:demo_user_296,train
demo_session_01651,u:demo_user_28,test
demo_session_01652,a:demo_anon_80,train
demo_session_01653,u:demo_user_929,train
demo_session_01654,u:demo_user_243,train
demo_session_01655,a:demo_anon_360,train
demo_session_01656,u:demo_user_1321,train
demo_session_01657,u:demo_user_1363,train
demo_session_01658,u:demo_user_1308,train
demo_session_01659,a:demo_anon_395,train
demo_session_01660,u:demo_user_966,train
demo_session_01661,u:demo_user_952,train
demo_session_01662,u:demo_user_288,train
demo_session_01663,u:demo_user_863,train
demo_session_01664,u:demo_user_819,train
demo_session_01665,u:demo_user_618,test
demo_session_01666,u:demo_user_1172,train
demo_session_01667,u:demo_user_1057,train
demo_session_01668,a:demo_anon_830,train
demo_session_01669,u:demo_user_1132,test
demo_session_01670,a:demo_anon_1190,train
demo_session_01671,u:demo_user_884,train
demo_session_01672,u:demo_user_417,train
demo_session_01673,u:demo_user_1183,test
demo_session_01674,u:demo_user_1119,train
demo_session_01675,u:demo_user_1534,train
demo_session_01676,u:demo_user_233,test
demo_session_01677,u:demo_user_654,train
demo_session_01678,u:demo_user_1441,train
demo_session_01679,u:demo_user_802,test
demo_session_01680,a:demo_anon_1470,train
demo_session_01681,u:demo_user_19,test
demo_session_01682,u:demo_user_54,train
demo_session_01683,u:demo_user_1241,test
demo_session_01684,u:demo_user_559,train
demo_session_01685,u:demo_user_811,test
demo_session_01686,u:demo_user_667,train
demo_session_01687,u:demo_user_636,train
demo_session_01688,a:demo_anon_1465,train
demo_session_01689,u:demo_user_146,test
demo_session_01690,u:demo_user_1204,train
demo_session_01691,u:demo_user_1387,train
demo_session_01692,a:demo_anon_1025,train
demo_session_01693,u:demo_user_616,test
demo_session_01694,u:demo_user_249,train
demo_session_01695,u:demo_user_1064,train
demo_session_01696,u:demo_user_731,train
demo_session_01697,u:demo_user_233,test
demo_session_01698,u:demo_user_561,train
demo_session_01699,a:demo_anon_1500,test
demo_session_01700,u:demo_user_414,train
demo_session_01701,u:demo_user_278,train
demo_session_01702,u:demo_user_1063,train
demo_session_01703,u:demo_user_311,train
demo_session_01704,a:demo_anon_1435,train
demo_session_01705,a:demo_anon_1340,test
demo_session_01706,u:demo_user_1534,train
demo_session_01707,u:demo_user_1423,train
demo_session_01708,a:demo_anon_380,train
demo_session_01709,a:demo_anon_330,train
demo_session_01710,u:demo_user_534,train
demo_session_01711,u:demo_user_732,test
demo_session_01712,u:demo_user_1372,train
demo_session_01713,u:demo_user_1144,train
demo_session_01714,a:demo_anon_1005,test
demo_session_01715,a:demo_anon_1370,train
demo_session_01716,u:demo_user_1007,test
demo_session_01717,u:demo_user_591,test
demo_session_01718,u:demo_user_644,train
demo_session_01719,u:demo_user_806,train
demo_session_01720,u:demo_user_138,train
demo_session_01721,u:demo_user_1157,train
demo_session_01722,u:demo_user_1018,train
demo_session_01723,a:demo_anon_1140,train
demo_session_01724,u:demo_user_832,train
demo_session_01725,u:demo_user_1221,test
demo_session_01726,u:demo_user_1481,train
demo_session_01727,u:demo_user_889,train
demo_session_01728,u:demo_user_693,train
demo_session_01729,u:demo_user_163,test
demo_session_01730,u:demo_user_1214,train
demo_session_01731,a:demo_anon_1410,train
demo_session_01732,u:demo_user_1091,train
demo_session_01733,a:demo_anon_1350,test
demo_session_01734,u:demo_user_1343,train
demo_session_01735,a:demo_anon_1245,test
demo_session_01736,u:demo_user_784,train
demo_session_01737,a:demo_anon_155,test
demo_session_01738,a:demo_anon_5,train
demo_session_01739,u:demo_user_318,test
demo_session_01740,u:demo_user_672,test
demo_session_01741,a:demo_anon_1160,train
demo_session_01742,u:demo_user_711,train
demo_session_01743,u:demo_user_36,train
demo_session_01744,u:demo_user_328,test
demo_session_01745,u:demo_user_1527,train
demo_session_01746,u:demo_user_1541,train
demo_session_01747,u:demo_user_588,train
demo_session_01748,a:demo_anon_1255,train
demo_session_01749,u:demo_user_1122,train
demo_session_01750,u:demo_user_1452,test
demo_session_01751,u:demo_user_1384,train
demo_session_01752,a:demo_anon_980,train
demo_session_01753,a:demo_anon_615,train
demo_session_01754,u:demo_user_977,train
demo_session_01755,u:demo_user_497,test
demo_session_01756,u:demo_user_543,test
demo_session_01757,u:demo_user_949,test
demo_session_01758,u:demo_user_891,train
demo_session_01759,u:demo_user_906,train
demo_session_01760,a:demo_anon_600,train
demo_session_01761,u:demo_user_638,test
demo_session_01762,a:demo_anon_15,test
demo_session_01763,u:demo_user_938,train
demo_session_01764,u:demo_user_898,train
demo_session_01765,u:demo_user_1459,train
demo_session_01766,u:demo_user_786,train
demo_session_01767,u:demo_user_729,train
demo_session_01768,a:demo_anon_105,train
demo_session_01769,u:demo_user_306,train
demo_session_01770,u:demo_user_527,test
demo_session_01771,u:demo_user_588,train
demo_session_01772,a:demo_anon_565,train
demo_session_01773,u:demo_user_614,train
demo_session_01774,u:demo_user_1199,train
demo_session_01775,u:demo_user_204,test
demo_session_01776,u:demo_user_518,test
demo_session_01777,u:demo_user_254,test
demo_session_01778,a:demo_anon_480,train
demo_session_01779,u:demo_user_1067,test
demo_session_01780,u:demo_user_72,train
demo_session_01781,u:demo_user_529,train
demo_session_01782,u:demo_user_36,train
demo_session_01783,u:demo_user_1489,train
demo_session_01784,u:demo_user_1134,train
demo_session_01785,a:demo_anon_380,train
demo_session_01786,u:demo_user_309,train
demo_session_01787,u:demo_user_154,train
demo_session_01788,u:demo_user_737,test
demo_session_01789,a:demo_anon_1175,test
demo_session_01790,u:demo_user_911,train
demo_session_01791,u:demo_user_1374,train
demo_session_01792,u:demo_user_536,test
demo_session_01793,u:demo_user_433,train
demo_session_01794,a:demo_anon_745,train
demo_session_01795,a:demo_anon_315,train
demo_session_01796,u:demo_user_1522,train
demo_session_01797,u:demo_user_289,test
demo_session_01798,u:demo_user_747,train
demo_session_01799,u:demo_user_814,train
demo_session_01800,u:demo_user_88,train
demo_session_01801,a:demo_anon_730,test
demo_session_01802,u:demo_user_709,train
demo_session_01803,u:demo_user_404,train
demo_session_01804,u:demo_user_199,train
demo_session_01805,a:demo_anon_70,train
demo_session_01806,u:demo_user_13,train
demo_session_01807,u:demo_user_751,test
demo_session_01808,a:demo_anon_140,train
demo_session_01809,u:demo_user_1496,test
demo_session_01810,u:demo_user_381,train
demo_session_01811,u:demo_user_1017,train
demo_session_01812,a:demo_anon_1050,train
demo_session_01813,u:demo_user_772,train
demo_session_01814,u:demo_user_1378,train
demo_session_01815,u:demo_user_172,test
demo_session_01816,a:demo_anon_365,train
demo_session_01817,u:demo_user_393,train
demo_session_01818,u:demo_user_211,train
demo_session_01819,u:demo_user_459,test
demo_session_01820,u:demo_user_487,test
demo_session_01821,u:demo_user_1193,train
demo_session_01822,a:demo_anon_470,train
demo_session_01823,u:demo_user_1367,train
demo_session_01824,a:demo_anon_1205,train
demo_session_01825,u:demo_user_1406,test
demo_session_01826,u:demo_user_164,train
demo_session_01827,a:demo_anon_1535,train
demo_session_01828,u:demo_user_957,train
demo_session_01829,u:demo_user_1532,train
demo_session_01830,u:demo_user_553,test
demo_session_01831,u:demo_user_1486,test
demo_session_01832,u:demo_user_918,train
demo_session_01833,u:demo_user_112,train
demo_session_01834,u:demo_user_639,train
demo_session_01835,u:demo_user_214,train
demo_session_01836,u:demo_user_1468,train
demo_session_01837,u:demo_user_474,train
demo_session_01838,u:demo_user_346,test
demo_session_01839,u:demo_user_862,train
demo_session_01840,u:demo_user_663,train
demo_session_01841,u:demo_user_151,train
demo_session_01842,u:demo_user_1273,train
demo_session_01843,u:demo_user_1319,train
demo_session_01844,u:demo_user_1159,train
demo_session_01845,u:demo_user_962,train
demo_session_01846,u:demo_user_627,train
demo_session_01847,u:demo_user_846,train
demo_session_01848,u:demo_user_812,test
demo_session_01849,u:demo_user_257,train
demo_session_01850,u:demo_user_127,train
demo_session_01851,a:demo_anon_395,train
demo_session_01852,u:demo_user_708,train
demo_session_01853,a:demo_anon_250,train
demo_session_01854,u:demo_user_166,train
demo_session_01855,u:demo_user_1329,train
demo_session_01856,u:demo_user_584,train
demo_session_01857,u:demo_user_911,train
demo_session_01858,u:demo_user_817,train
demo_session_01859,u:demo_user_1146,train
demo_session_01860,u:demo_user_1154,train
demo_session_01861,u:demo_user_461,test
demo_session_01862,u:demo_user_1322,test
demo_session_01863,u:demo_user_579,train
demo_session_01864,u:demo_user_1302,test
demo_session_01865,u:demo_user_631,train
demo_session_01866,u:demo_user_173,train
demo_session_01867,a:demo_anon_1185,train
demo_session_01868,u:demo_user_47,test
demo_session_01869,u:demo_user_1204,train
demo_session_01870,u:demo_user_67,train
demo_session_01871,u:demo_user_322,train
demo_session_01872,u:demo_user_941,train
demo_session_01873,u:demo_user_1468,train
demo_session_01874,u:demo_user_637,test
demo_session_01875,u:demo_user_188,train
demo_session_01876,u:demo_user_363,train
demo_session_01877,u:demo_user_1397,test
demo_session_01878,u:demo_user_1133,test
demo_session_01879,u:demo_user_156,test
demo_session_01880,a:demo_anon_600,train
demo_session_01881,u:demo_user_412,test
demo_session_01882,u:demo_user_277,test
demo_session_01883,a:demo_anon_1320,train
demo_session_01884,u:demo_user_963,test
demo_session_01885,a:demo_anon_280,train
demo_session_01886,a:demo_anon_1015,train
demo_session_01887,a:demo_anon_645,train
demo_session_01888,a:demo_anon_95,train
demo_session_01889,u:demo_user_701,train
demo_session_01890,u:demo_user_288,train
demo_session_01891,u:demo_user_382,train
demo_session_01892,u:demo_user_1371,train
demo_session_01893,u:demo_user_1107,test
demo_session_01894,u:demo_user_209,train
demo_session_01895,u:demo_user_1328,train
demo_session_01896,a:demo_anon_895,train
demo_session_01897,u:demo_user_1364,test
demo_session_01898,a:demo_anon_1165,train
demo_session_01899,u:demo_user_529,train
demo_session_01900,u:demo_user_834,test
demo_session_01901,u:demo_user_828,train
demo_session_01902,u:demo_user_1123,train
demo_session_01903,u:demo_user_387,train
demo_session_01904,u:demo_user_519,train
demo_session_01905,u:demo_user_381,train
demo_session_01906,u:demo_user_461,test
demo_session_01907,u:demo_user_251,train
demo_session_01908,u:demo_user_57,test
demo_session_01909,u:demo_user_1466,train
demo_session_01910,a:demo_anon_115,train
demo_session_01911,a:demo_anon_1385,train
demo_session_01912,u:demo_user_4,train
demo_session_01913,u:demo_user_1212,train
demo_session_01914,u:demo_user_512,train
demo_session_01915,u:demo_user_807,train
demo_session_01916,a:demo_anon_440,train
demo_session_01917,a:demo_anon_765,test
demo_session_01918,u:demo_user_704,train
demo_session_01919,u:demo_user_826,train
demo_session_01920,u:demo_user_613,test
demo_session_01921,u:demo_user_837,train
demo_session_01922,u:demo_user_1287,train
demo_session_01923,u:demo_user_677,train
demo_session_01924,u:demo_user_563,test
demo_session_01925,a:demo_anon_205,train
demo_session_01926,u:demo_user_561,train
demo_session_01927,u:demo_user_196,test
demo_session_01928,u:demo_user_284,train
demo_session_01929,a:demo_anon_1485,test
demo_session_01930,u:demo_user_139,train
demo_session_01931,u:demo_user_751,test
demo_session_01932,u:demo_user_1301,train
demo_session_01933,u:demo_user_1487,train
demo_session_01934,u:demo_user_228,test
demo_session_01935,a:demo_anon_255,train
demo_session_01936,u:demo_user_581,test
demo_session_01937,u:demo_user_864,train
demo_session_01938,u:demo_user_1497,train
demo_session_01939,u:demo_user_324,train
demo_session_01940,u:demo_user_256,test
demo_session_01941,u:demo_user_394,train
demo_session_01942,u:demo_user_1363,train
demo_session_01943,u:demo_user_46,train
demo_session_01944,u:demo_user_593,train
demo_session_01945,a:demo_anon_185,train
demo_session_01946,a:demo_anon_245,train
demo_session_01947,a:demo_anon_1430,train
demo_session_01948,u:demo_user_2,train
demo_session_01949,u:demo_user_501,test
demo_session_01950,u:demo_user_1428,test
demo_session_01951,u:demo_user_948,train
demo_session_01952,u:demo_user_111,train
demo_session_01953,a:demo_anon_725,train
demo_session_01954,u:demo_user_1514,test
demo_session_01955,u:demo_user_624,train
demo_session_01956,u:demo_user_824,train
demo_session_01957,u:demo_user_829,train
demo_session_01958,a:demo_anon_1030,train
demo_session_01959,u:demo_user_292,test
demo_session_01960,u:demo_user_1309,test
demo_session_01961,u:demo_user_1542,train
demo_session_01962,u:demo_user_222,train
demo_session_01963,u:demo_user_1276,test
demo_session_01964,u:demo_user_1274,train
demo_session_01965,u:demo_user_1156,test
demo_session_01966,u:demo_user_578,train
demo_session_01967,u:demo_user_731,train
demo_session_01968,u:demo_user_1309,test
demo_session_01969,u:demo_user_238,train
demo_session_01970,u:demo_user_1292,test
demo_session_01971,u:demo_user_1436,train
demo_session_01972,u:demo_user_1063,train
demo_session_01973,u:demo_user_532,train
demo_session_01974,u:demo_user_872,train
demo_session_01975,u:demo_user_78,train
demo_session_01976,u:demo_user_1453,test
demo_session_01977,u:demo_user_534,train
demo_session_01978,u:demo_user_89,test
demo_session_01979,u:demo_user_1239,train
demo_session_01980,a:demo_anon_1025,train
demo_session_01981,u:demo_user_971,train
demo_session_01982,u:demo_user_84,train
demo_session_01983,u:demo_user_1171,train
demo_session_01984,u:demo_user_994,train
demo_session_01985,u:demo_user_1238,train
demo_session_01986,a:demo_anon_1290,train
demo_session_01987,a:demo_anon_330,train
demo_session_01988,u:demo_user_328,test
demo_session_01989,u:demo_user_1441,train
demo_session_01990,u:demo_user_828,train
demo_session_01991,u:demo_user_683,test
demo_session_01992,u:demo_user_448,test
demo_session_01993,u:demo_user_996,test
demo_session_01994,u:demo_user_1176,train
demo_session_01995,u:demo_user_3,train
demo_session_01996,u:demo_user_862,train
demo_session_01997,u:demo_user_1549,train
demo_session_01998,u:demo_user_437,train
demo_session_01999,u:demo_user_438,train
demo_session_02000,u:demo_user_1369,train
demo_session_02001,u:demo_user_96,train
demo_session_02002,a:demo_anon_620,train
demo_session_02003,u:demo_user_714,test
demo_session_02004,u:demo_user_1244,train
demo_session_02005,u:demo_user_201,train
demo_session_02006,u:demo_user_677,train
demo_session_02007,u:demo_user_237,test
demo_session_02008,u:demo_user_1228,train
demo_session_02009,u:demo_user_986,train
demo_session_02010,u:demo_user_774,train
demo_session_02011,u:demo_user_612,train
demo_session_02012,u:demo_user_238,train
demo_session_02013,u:demo_user_1438,test
demo_session_02014,a:demo_anon_1010,train
demo_session_02015,u:demo_user_497,test
demo_session_02016,a:demo_anon_645,train
demo_session_02017,u:demo_user_1132,test
demo_session_02018,u:demo_user_1122,train
demo_session_02019,u:demo_user_719,train
demo_session_02020,u:demo_user_472,test
demo_session_02021,u:demo_user_1029,train
demo_session_02022,u:demo_user_1026,train
demo_session_02023,a:demo_anon_935,train
demo_session_02024,u:demo_user_113,train
demo_session_02025,u:demo_user_737,test
demo_session_02026,u:demo_user_957,train
demo_session_02027,u:demo_user_1482,train
demo_session_02028,u:demo_user_819,train
demo_session_02029,u:demo_user_534,train
demo_session_02030,u:demo_user_867,train
demo_session_02031,u:demo_user_276,train
demo_session_02032,u:demo_user_141,test
demo_session_02033,u:demo_user_1057,train
demo_session_02034,u:demo_user_1538,train
demo_session_02035,u:demo_user_1319,train
demo_session_02036,a:demo_anon_910,train
demo_session_02037,u:demo_user_62,train
demo_session_02038,u:demo_user_1541,train
demo_session_02039,u:demo_user_701,train
demo_session_02040,u:demo_user_451,train
demo_session_02041,u:demo_user_1392,train
demo_session_02042,u:demo_user_1164,train
demo_session_02043,u:demo_user_1169,train
demo_session_02044,u:demo_user_433,train
demo_session_02045,u:demo_user_1547,test
demo_session_02046,u:demo_user_706,train
demo_session_02047,u:demo_user_829,train
demo_session_02048,u:demo_user_1171,train
demo_session_02049,u:demo_user_1029,train
demo_session_02050,u:demo_user_268,train
demo_session_02051,u:demo_user_471,test
demo_session_02052,u:demo_user_563,test
demo_session_02053,u:demo_user_1478,train
demo_session_02054,u:demo_user_1114,test
demo_session_02055,u:demo_user_571,train
demo_session_02056,u:demo_user_1146,train
demo_session_02057,u:demo_user_1152,train
demo_session_02058,u:demo_user_614,train
demo_session_02059,u:demo_user_628,train
demo_session_02060,a:demo_anon_1395,train
demo_session_02061,u:demo_user_876,train
demo_session_02062,u:demo_user_233,test
demo_session_02063,u:demo_user_1122,train
demo_session_02064,u:demo_user_919,train
demo_session_02065,u:demo_user_793,test
demo_session_02066,u:demo_user_1131,train
demo_session_02067,a:demo_anon_1415,train
demo_session_02068,a:demo_anon_515,train
demo_session_02069,u:demo_user_654,train
demo_session_02070,a:demo_anon_295,train
demo_session_02071,u:demo_user_1009,train
demo_session_02072,u:demo_user_628,train
demo_session_02073,u:demo_user_534,train
demo_session_02074,u:demo_user_1086,train
demo_session_02075,u:demo_user_636,train
demo_session_02076,u:demo_user_724,train
demo_session_02077,u:demo_user_686,train
demo_session_02078,u:demo_user_403,train
demo_session_02079,u:demo_user_196,test
demo_session_02080,a:demo_anon_1290,train
demo_session_02081,u:demo_user_143,train
demo_session_02082,u:demo_user_506,train
demo_session_02083,u:demo_user_1041,train
demo_session_02084,u:demo_user_204,test
demo_session_02085,u:demo_user_1022,train
demo_session_02086,u:demo_user_1143,train
demo_session_02087,u:demo_user_1034,train
demo_session_02088,a:demo_anon_475,train
demo_session_02089,a:demo_anon_30,test
demo_session_02090,u:demo_user_1384,train
demo_session_02091,u:demo_user_509,train
demo_session_02092,a:demo_anon_1255,train
demo_session_02093,u:demo_user_308,train
demo_session_02094,u:demo_user_253,train
demo_session_02095,u:demo_user_1213,train
demo_session_02096,a:demo_anon_1465,train
demo_session_02097,u:demo_user_1342,test
demo_session_02098,u:demo_user_1171,train
demo_session_02099,u:demo_user_384,train
demo_session_02100,u:demo_user_1424,train
demo_session_02101,u:demo_user_1041,train
demo_session_02102,u:demo_user_268,train
demo_session_02103,u:demo_user_201,train
demo_session_02104,u:demo_user_1359,train
demo_session_02105,u:demo_user_429,train
demo_session_02106,u:demo_user_1194,train
demo_session_02107,u:demo_user_216,train
demo_session_02108,u:demo_user_437,train
demo_session_02109,u:demo_user_442,train
demo_session_02110,u:demo_user_438,train
demo_session_02111,u:demo_user_1052,train
demo_session_02112,u:demo_user_1426,test
demo_session_02113,a:demo_anon_1420,test
demo_session_02114,u:demo_user_1156,test
demo_session_02115,a:demo_anon_315,train
demo_session_02116,u:demo_user_1498,train
demo_session_02117,a:demo_anon_845,train
demo_session_02118,u:demo_user_851,train
demo_session_02119,u:demo_user_1094,train
demo_session_02120,u:demo_user_1199,train
demo_session_02121,u:demo_user_1486,test
demo_session_02122,u:demo_user_908,train
demo_session_02123,u:demo_user_951,train
demo_session_02124,u:demo_user_1163,test
demo_session_02125,u:demo_user_397,train
demo_session_02126,a:demo_anon_480,train
demo_session_02127,a:demo_anon_975,train
demo_session_02128,a:demo_anon_100,train
demo_session_02129,u:demo_user_499,test
demo_session_02130,a:demo_anon_1120,train
demo_session_02131,u:demo_user_1522,train
demo_session_02132,a:demo_anon_810,test
demo_session_02133,u:demo_user_623,train
demo_session_02134,u:demo_user_686,train
demo_session_02135,u:demo_user_1069,train
demo_session_02136,u:demo_user_849,train
demo_session_02137,u:demo_user_36,train
demo_session_02138,u:demo_user_841,train
demo_session_02139,u:demo_user_624,train
demo_session_02140,u:demo_user_1093,train
demo_session_02141,a:demo_anon_1365,train
demo_session_02142,u:demo_user_1501,train
demo_session_02143,u:demo_user_951,train
demo_session_02144,a:demo_anon_565,train
demo_session_02145,u:demo_user_692,train
demo_session_02146,a:demo_anon_275,train
demo_session_02147,a:demo_anon_1460,test
demo_session_02148,u:demo_user_1321,train
demo_session_02149,u:demo_user_1332,train
demo_session_02150,u:demo_user_511,test
demo_session_02151,u:demo_user_502,train
demo_session_02152,u:demo_user_1336,train
demo_session_02153,u:demo_user_849,train
demo_session_02154,u:demo_user_1099,train
demo_session_02155,u:demo_user_764,test
demo_session_02156,a:demo_anon_690,test
demo_session_02157,u:demo_user_986,train
demo_session_02158,u:demo_user_1268,train
demo_session_02159,u:demo_user_521,train
demo_session_02160,u:demo_user_1262,train
demo_session_02161,a:demo_anon_380,train
demo_session_02162,u:demo_user_628,train
demo_session_02163,u:demo_user_1423,train
demo_session_02164,u:demo_user_1488,train
demo_session_02165,u:demo_user_1441,train
demo_session_02166,u:demo_user_493,test
demo_session_02167,a:demo_anon_1315,train
demo_session_02168,a:demo_anon_1460,test
demo_session_02169,a:demo_anon_1525,train
demo_session_02170,u:demo_user_32,train
demo_session_02171,u:demo_user_1162,train
demo_session_02172,u:demo_user_1554,test
demo_session_02173,u:demo_user_1192,train
demo_session_02174,u:demo_user_363,train
demo_session_02175,u:demo_user_1189,train
demo_session_02176,u:demo_user_164,train
demo_session_02177,u:demo_user_749,train
demo_session_02178,u:demo_user_976,train
demo_session_02179,u:demo_user_712,test
demo_session_02180,u:demo_user_1091,train
demo_session_02181,u:demo_user_374,train
demo_session_02182,a:demo_anon_945,test
demo_session_02183,a:demo_anon_1005,test
demo_session_02184,u:demo_user_988,train
demo_session_02185,u:demo_user_451,train
demo_session_02186,u:demo_user_476,test
demo_session_02187,u:demo_user_402,train
demo_session_02188,a:demo_anon_720,train
demo_session_02189,u:demo_user_914,test
demo_session_02190,a:demo_anon_565,train
demo_session_02191,u:demo_user_639,train
demo_session_02192,u:demo_user_446,train
demo_session_02193,u:demo_user_341,test
demo_session_02194,a:demo_anon_1025,train
demo_session_02195,u:demo_user_1273,train
demo_session_02196,u:demo_user_453,train
demo_session_02197,u:demo_user_1342,test
demo_session_02198,a:demo_anon_890,train
demo_session_02199,u:demo_user_261,train
demo_session_02200,a:demo_anon_570,train
demo_session_02201,u:demo_user_11,train
demo_session_02202,u:demo_user_61,test
demo_session_02203,u:demo_user_524,train
demo_session_02204,u:demo_user_708,train
demo_session_02205,u:demo_user_1244,train
demo_session_02206,u:demo_user_209,train
demo_session_02207,u:demo_user_1309,test
demo_session_02208,a:demo_anon_365,train
demo_session_02209,a:demo_anon_215,train
demo_session_02210,u:demo_user_1091,train
demo_session_02211,u:demo_user_1207,train
demo_session_02212,u:demo_user_943,train
demo_session_02213,a:demo_anon_180,test
demo_session_02214,u:demo_user_179,train
demo_session_02215,u:demo_user_608,train
demo_session_02216,u:demo_user_702,test
demo_session_02217,u:demo_user_1557,train
demo_session_02218,u:demo_user_446,train
demo_session_02219,a:demo_anon_300,train
demo_session_02220,a:demo_anon_1475,test
demo_session_02221,a:demo_anon_240,train
demo_session_02222,u:demo_user_41,train
demo_session_02223,u:demo_user_659,train
demo_session_02224,a:demo_anon_625,test
demo_session_02225,u:demo_user_966,train
demo_session_02226,u:demo_user_1369,train
demo_session_02227,a:demo_anon_1455,train
demo_session_02228,u:demo_user_451,train
demo_session_02229,a:demo_anon_1530,train
demo_session_02230,u:demo_user_986,train
demo_session_02231,u:demo_user_108,test
demo_session_02232,u:demo_user_1463,train
demo_session_02233,a:demo_anon_215,train
demo_session_02234,u:demo_user_918,train
demo_session_02235,u:demo_user_1233,train
demo_session_02236,u:demo_user_389,train
demo_session_02237,u:demo_user_422,train
demo_session_02238,u:demo_user_742,train
demo_session_02239,a:demo_anon_1380,test
demo_session_02240,u:demo_user_348,train
demo_session_02241,u:demo_user_1034,train
demo_session_02242,u:demo_user_706,train
demo_session_02243,u:demo_user_174,train
demo_session_02244,u:demo_user_1108,test
demo_session_02245,u:demo_user_1298,train
demo_session_02246,u:demo_user_897,train
demo_session_02247,a:demo_anon_275,train
demo_session_02248,u:demo_user_242,train
demo_session_02249,a:demo_anon_660,train
demo_session_02250,a:demo_anon_790,train
demo_session_02251,u:demo_user_861,train
demo_session_02252,a:demo_anon_380,train
demo_session_02253,u:demo_user_781,train
demo_session_02254,a:demo_anon_460,train
demo_session_02255,a:demo_anon_1070,train
demo_session_02256,u:demo_user_1242,train
demo_session_02257,u:demo_user_1018,train
demo_session_02258,u:demo_user_1,train
demo_session_02259,u:demo_user_1547,test
demo_session_02260,u:demo_user_37,test
demo_session_02261,u:demo_user_1559,train
demo_session_02262,u:demo_user_49,train
demo_session_02263,a:demo_anon_805,train
demo_session_02264,a:demo_anon_165,train
demo_session_02265,u:demo_user_148,test
demo_session_02266,u:demo_user_1066,train
demo_session_02267,a:demo_anon_1135,test
demo_session_02268,u:demo_user_184,train
demo_session_02269,u:demo_user_1523,train
demo_session_02270,u:demo_user_499,test
demo_session_02271,u:demo_user_496,train
demo_session_02272,u:demo_user_463,train
demo_session_02273,u:demo_user_719,train
demo_session_02274,u:demo_user_277,test
demo_session_02275,u:demo_user_662,train
demo_session_02276,u:demo_user_327,train
demo_session_02277,a:demo_anon_80,train
demo_session_02278,a:demo_anon_575,train
demo_session_02279,u:demo_user_1048,test
demo_session_02280,a:demo_anon_1190,train
demo_session_02281,u:demo_user_551,test
demo_session_02282,a:demo_anon_505,train
demo_session_02283,u:demo_user_1228,train
demo_session_02284,u:demo_user_1062,train
demo_session_02285,u:demo_user_1298,train
demo_session_02286,u:demo_user_1413,train
demo_session_02287,u:demo_user_1281,test
demo_session_02288,a:demo_anon_1460,test
demo_session_02289,u:demo_user_649,train
demo_session_02290,a:demo_anon_615,train
demo_session_02291,u:demo_user_501,test
demo_session_02292,u:demo_user_366,train
demo_session_02293,u:demo_user_1168,train
demo_session_02294,u:demo_user_1114,test
demo_session_02295,a:demo_anon_1250,test
demo_session_02296,u:demo_user_261,train
demo_session_02297,u:demo_user_766,train
demo_session_02298,u:demo_user_346,test
demo_session_02299,u:demo_user_1393,train
demo_session_02300,u:demo_user_417,train
demo_session_02301,u:demo_user_224,train
demo_session_02302,u:demo_user_888,train
demo_session_02303,u:demo_user_1371,train
demo_session_02304,u:demo_user_1428,test
demo_session_02305,u:demo_user_149,train
demo_session_02306,u:demo_user_508,train
demo_session_02307,u:demo_user_239,train
demo_session_02308,a:demo_anon_480,train
demo_session_02309,u:demo_user_832,train
demo_session_02310,u:demo_user_437,train
demo_session_02311,a:demo_anon_105,train
demo_session_02312,a:demo_anon_795,train
demo_session_02313,u:demo_user_82,train
demo_session_02314,u:demo_user_353,train
demo_session_02315,a:demo_anon_0,train
demo_session_02316,a:demo_anon_135,test
demo_session_02317,a:demo_anon_680,train
demo_session_02318,u:demo_user_1327,test
demo_session_02319,u:demo_user_1208,train
demo_session_02320,u:demo_user_154,train
demo_session_02321,u:demo_user_54,train
demo_session_02322,u:demo_user_527,test
demo_session_02323,u:demo_user_1017,train
demo_session_02324,u:demo_user_1164,train
demo_session_02325,u:demo_user_1284,train
demo_session_02326,u:demo_user_533,train
demo_session_02327,u:demo_user_262,train
demo_session_02328,u:demo_user_41,train
demo_session_02329,u:demo_user_229,train
demo_session_02330,u:demo_user_101,train
demo_session_02331,u:demo_user_1342,test
demo_session_02332,u:demo_user_418,train
demo_session_02333,u:demo_user_1284,train
demo_session_02334,u:demo_user_862,train
demo_session_02335,a:demo_anon_840,train
demo_session_02336,u:demo_user_709,train
demo_session_02337,u:demo_user_1277,test
demo_session_02338,u:demo_user_67,train
demo_session_02339,u:demo_user_144,train
demo_session_02340,a:demo_anon_660,train
demo_session_02341,a:demo_anon_615,train
demo_session_02342,u:demo_user_851,train
demo_session_02343,a:demo_anon_1150,train
demo_session_02344,u:demo_user_916,train
demo_session_02345,u:demo_user_401,train
demo_session_02346,a:demo_anon_510,test
demo_session_02347,u:demo_user_1173,train
demo_session_02348,u:demo_user_314,train
demo_session_02349,u:demo_user_786,train
demo_session_02350,a:demo_anon_840,train
demo_session_02351,a:demo_anon_1170,test
demo_session_02352,u:demo_user_1114,test
demo_session_02353,u:demo_user_724,train
demo_session_02354,u:demo_user_482,train
demo_session_02355,u:demo_user_573,train
demo_session_02356,u:demo_user_642,train
demo_session_02357,u:demo_user_341,test
demo_session_02358,a:demo_anon_975,train
demo_session_02359,a:demo_anon_325,train
demo_session_02360,u:demo_user_1011,test
demo_session_02361,u:demo_user_1172,train
demo_session_02362,a:demo_anon_1500,test
demo_session_02363,a:demo_anon_185,train
demo_session_02364,a:demo_anon_1185,train
demo_session_02365,u:demo_user_134,train
demo_session_02366,u:demo_user_526,train
demo_session_02367,a:demo_anon_275,train
demo_session_02368,u:demo_user_253,train
demo_session_02369,u:demo_user_273,test
demo_session_02370,u:demo_user_68,test
demo_session_02371,u:demo_user_1284,train
demo_session_02372,a:demo_anon_95,train
demo_session_02373,u:demo_user_621,test
demo_session_02374,a:demo_anon_1090,train
demo_session_02375,a:demo_anon_1545,train
demo_session_02376,u:demo_user_1331,train
demo_session_02377,u:demo_user_214,train
demo_session_02378,a:demo_anon_1540,train
demo_session_02379,u:demo_user_1019,train
demo_session_02380,a:demo_anon_280,train
demo_session_02381,a:demo_anon_700,train
demo_session_02382,u:demo_user_1431,train
demo_session_02383,u:demo_user_612,train
demo_session_02384,u:demo_user_286,train
demo_session_02385,a:demo_anon_1365,train
demo_session_02386,u:demo_user_1486,test
demo_session_02387,u:demo_user_1521,train
demo_session_02388,a:demo_anon_1490,train
demo_session_02389,u:demo_user_1361,train
demo_session_02390,u:demo_user_709,train
demo_session_02391,u:demo_user_299,test
demo_session_02392,u:demo_user_962,train
demo_session_02393,u:demo_user_344,test
demo_session_02394,u:demo_user_738,test
demo_session_02395,u:demo_user_1023,train
demo_session_02396,u:demo_user_1476,train
demo_session_02397,a:demo_anon_450,train
demo_session_02398,u:demo_user_392,train
demo_session_02399,u:demo_user_1146,train
