session_id,score,quick_result_count,consult_result_count,followup_shown_count,followup_click_count
demo_session_00014,5.0,2,2,5,1
demo_session_00015,5.0,1,1,2,0
demo_session_00016,5.0,1,0,5,2
demo_session_00017,5.0,0,0,1,0
demo_session_00018,4.0,3,1,5,2
demo_session_00019,4.0,0,1,3,0
demo_session_00020,3.0,0,1,3,2
demo_session_00021,4.0,0,1,1,1
demo_session_00022,3.0,0,0,0,0
demo_session_00023,4.0,0,1,1,1
demo_session_00024,2.0,0,0,0,0
demo_session_00025,4.0,1,0,2,0
demo_session_00026,4.0,1,0,4,2
demo_session_00027,4.0,2,0,2,1
demo_session_00028,4.0,3,0,3,1
demo_session_00029,5.0,1,2,3,0
demo_session_00030,4.0,1,0,2,0
demo_session_00031,5.0,1,1,5,2
demo_session_00032,5.0,1,1,4,1
demo_session_00033,4.0,0,0,1,1
demo_session_00034,4.0,2,0,2,1
demo_session_00035,5.0,0,0,0,0
demo_session_00036,4.0,2,1,3,2
demo_session_00037,3.0,1,2,4,3
demo_session_00038,5.0,1,1,1,1
demo_session_00039,5.0,2,0,1,0
demo_session_00040,4.0,3,1,2,0
demo_session_00041,5.0,1,0,3,2
demo_session_00042,4.0,1,0,2,0
demo_session_00043,4.0,1,0,5,3
demo_session_00044,5.0,2,1,5,1
demo_session_00045,3.0,0,2,0,0
demo_session_00046,5.0,1,1,1,0
demo_session_00047,3.0,0,0,2,1
demo_session_00048,4.0,0,0,1,1
demo_session_00049,4.0,0,0,2,1
demo_session_00050,4.0,2,0,1,0
demo_session_00051,4.0,0,0,0,0
demo_session_00052,2.0,2,0,0,0
demo_session_00053,2.0,1,0,1,0
demo_session_00054,2.0,2,1,2,1
demo_session_00055,4.0,1,2,3,2
demo_session_00056,3.0,0,1,0,0
demo_session_00057,5.0,2,3,2,0
demo_session_00058,5.0,2,1,2,1
demo_session_00059,5.0,4,0,4,0
demo_session_00060,5.0,0,0,0,0
demo_session_00061,4.0,0,1,3,2
demo_session_00062,3.0,2,0,1,0
demo_session_00063,5.0,0,0,1,1
demo_session_00064,4.0,1,0,2,0
demo_session_00065,4.0,0,0,2,1
demo_session_00066,5.0,4,2,8,4
demo_session_00067,5.0,1,0,1,0
demo_session_00068,5.0,0,1,3,0
demo_session_00069,5.0,3,0,1,0
demo_session_00070,5.0,2,0,2,1
demo_session_00071,4.0,1,0,1,1
demo_session_00072,4.0,5,1,3,1
demo_session_00073,5.0,0,0,0,0
demo_session_00074,4.0,3,2,4,0
demo_session_00075,4.0,0,0,1,1
demo_session_00076,5.0,2,0,3,0
demo_session_00077,4.0,1,4,4,2
demo_session_00078,4.0,1,0,3,2
demo_session_00079,5.0,0,0,1,1
demo_session_00080,5.0,0,1,3,0
demo_session_00081,5.0,3,4,5,1
demo_session_00082,1.0,1,0,1,0
demo_session_00083,5.0,1,1,0,0
demo_session_00084,5.0,3,0,3,1
demo_session_00085,4.0,1,2,1,1
demo_session_00086,4.0,0,0,1,0
demo_session_00087,5.0,1,0,1,0
demo_session_00088,4.0,1,1,0,0
demo_session_00089,4.0,4,0,5,1
demo_session_00090,4.0,3,0,5,2
demo_session_00091,4.0,1,2,1,1
demo_session_00092,5.0,1,1,4,1
demo_session_00093,4.0,0,0,1,0
demo_session_00094,5.0,2,0,2,0
demo_session_00095,1.0,2,0,0,0
demo_session_00096,4.0,0,1,0,0
demo_session_00097,4.0,2,0,2,1
demo_session_00098,5.0,4,0,1,1
demo_session_00099,2.0,2,0,1,1
demo_session_00100,5.0,2,1,1,1
demo_session_00101,4.0,2,0,3,1
demo_session_00102,5.0,1,1,3,2
demo_session_00103,4.0,3,1,2,0
demo_session_00104,4.0,1,1,2,1
demo_session_00105,5.0,1,0,0,0
demo_session_00106,5.0,1,2,1,0
demo_session_00107,4.0,1,1,0,0
demo_session_00108,4.0,2,2,5,3
demo_session_00109,5.0,0,3,4,2
demo_session_00110,4.0,3,1,1,0
demo_session_00111,3.0,0,0,1,1
demo_session_00112,3.0,0,1,0,0
demo_session_00113,4.0,0,1,3,2
demo_session_00114,5.0,1,0,3,2
demo_session_00115,5.0,2,1,2,1
demo_session_00116,3.0,0,0,1,1
demo_session_00117,4.0,3,0,1,1
demo_session_00118,3.0,0,0,2,1
demo_session_00119,4.0,0,1,0,0
demo_session_00120,5.0,2,3,4,1
demo_session_00121,4.0,1,1,2,1
demo_session_00122,5.0,1,1,2,1
demo_session_00123,5.0,2,1,0,0
demo_session_00124,1.0,0,0,0,0
demo_session_00125,4.0,2,1,3,1
demo_session_00126,4.0,1,2,3,3
demo_session_00127,5.0,1,0,0,0
demo_session_00128,3.0,0,0,1,0
demo_session_00129,4.0,0,2,2,1
demo_session_00130,4.0,1,1,1,0
demo_session_00131,4.0,0,1,1,0
demo_session_00132,4.0,1,1,1,0
demo_session_00133,4.0,0,0,1,0
demo_session_00134,4.0,1,0,1,0
demo_session_00135,5.0,2,0,3,0
demo_session_00136,4.0,0,0,1,0
demo_session_00137,3.0,0,1,0,0
demo_session_00138,5.0,1,0,2,1
demo_session_00139,4.0,4,1,5,1
demo_session_00140,4.0,1,0,0,0
demo_session_00141,5.0,1,1,2,0
demo_session_00142,5.0,0,0,0,0
demo_session_00143,4.0,1,0,0,0
demo_session_00144,2.0,0,0,0,0
demo_session_00145,5.0,1,0,4,0
demo_session_00146,4.0,2,0,6,1
demo_session_00147,5.0,0,0,1,0
demo_session_00148,4.0,0,1,3,2
demo_session_00149,4.0,1,0,6,2
demo_session_00150,4.0,1,0,3,1
demo_session_00151,3.0,1,1,1,0
demo_session_00152,5.0,3,1,4,0
demo_session_00153,4.0,1,1,2,1
demo_session_00154,3.0,2,0,2,2
demo_session_00155,5.0,0,0,0,0
demo_session_00156,5.0,3,0,3,0
demo_session_00157,5.0,1,1,1,0
demo_session_00158,5.0,1,1,4,2
demo_session_00159,2.0,0,1,1,0
demo_session_00160,5.0,1,2,6,1
demo_session_00161,3.0,0,1,0,0
demo_session_00162,4.0,4,0,5,2
demo_session_00163,5.0,1,0,0,0
demo_session_00164,5.0,0,1,1,0
demo_session_00165,4.0,0,0,1,0
demo_session_00166,5.0,1,1,2,1
demo_session_00167,5.0,1,1,1,0
demo_session_00168,4.0,1,0,3,1
demo_session_00169,4.0,0,1,1,1
demo_session_00170,4.0,2,1,10,4
demo_session_00171,4.0,0,1,1,0
demo_session_00172,5.0,2,1,2,1
demo_session_00173,5.0,0,0,2,1
demo_session_00174,5.0,1,0,0,0
demo_session_00175,3.0,1,0,1,1
demo_session_00176,5.0,1,0,1,0
demo_session_00177,4.0,2,0,4,1
demo_session_00178,1.0,0,0,1,1
demo_session_00179,5.0,3,1,4,1
demo_session_00180,5.0,2,0,1,1
demo_session_00181,5.0,2,0,2,0
demo_session_00182,5.0,1,0,1,0
demo_session_00183,3.0,1,2,3,2
demo_session_00184,3.0,0,1,3,1
demo_session_00185,5.0,2,1,3,0
demo_session_00186,4.0,0,0,0,0
demo_session_00187,4.0,3,0,3,1
demo_session_00188,4.0,2,0,2,1
demo_session_00189,4.0,2,1,2,2
demo_session_00190,3.0,0,0,1,0
demo_session_00191,5.0,1,0,2,0
demo_session_00192,5.0,0,4,2,0
demo_session_00193,5.0,5,0,5,2
demo_session_00194,4.0,1,0,2,0
demo_session_00195,4.0,1,0,2,1
demo_session_00196,3.0,0,0,1,0
demo_session_00197,3.0,0,1,0,0
demo_session_00198,4.0,5,0,4,1
demo_session_00199,5.0,3,1,2,0
demo_session_00200,3.0,0,0,2,0
demo_session_00201,5.0,1,0,1,0
demo_session_00202,5.0,0,1,2,1
demo_session_00203,5.0,1,0,2,0
demo_session_00204,4.0,0,0,0,0
demo_session_00205,5.0,3,1,2,1
demo_session_00206,4.0,0,0,0,0
demo_session_00207,5.0,0,2,2,0
demo_session_00208,2.0,1,0,0,0
demo_session_00209,4.0,3,0,2,1
demo_session_00210,3.0,1,1,3,2
demo_session_00211,5.0,0,2,1,0
demo_session_00212,4.0,1,0,2,0
demo_session_00213,5.0,2,2,3,2
demo_session_00214,4.0,0,0,3,1
demo_session_00215,4.0,0,1,0,0
demo_session_00216,4.0,0,1,1,0
demo_session_00217,5.0,4,0,1,1
demo_session_00218,5.0,0,0,0,0
demo_session_00219,3.0,0,2,1,0
demo_session_00220,5.0,2,0,3,2
demo_session_00221,3.0,0,0,0,0
demo_session_00222,3.0,0,1,1,0
demo_session_00223,4.0,0,0,0,0
demo_session_00224,5.0,1,0,2,1
demo_session_00225,2.0,0,1,3,0
demo_session_00226,5.0,0,0,2,0
demo_session_00227,5.0,3,0,3,1
demo_session_00228,2.0,0,0,0,0
demo_session_00229,4.0,1,0,1,0
demo_session_00230,4.0,0,1,1,0
demo_session_00231,5.0,1,1,3,1
demo_session_00232,3.0,0,0,0,0
demo_session_00233,4.0,2,0,2,0
demo_session_00234,5.0,2,0,3,1
demo_session_00235,4.0,0,0,1,0
demo_session_00236,5.0,1,1,4,1
demo_session_00237,3.0,1,1,2,1
demo_session_00238,5.0,0,0,4,0
demo_session_00239,4.0,1,0,1,0
demo_session_00240,5.0,0,0,1,1
demo_session_00241,5.0,1,1,2,2
demo_session_00242,5.0,2,0,0,0
demo_session_00243,5.0,2,1,2,0
demo_session_00244,4.0,2,0,1,0
demo_session_00245,5.0,0,0,2,1
demo_session_00246,3.0,2,0,1,0
demo_session_00247,5.0,1,0,1,0
demo_session_00248,4.0,0,1,0,0
demo_session_00249,4.0,1,0,0,0
demo_session_00250,3.0,0,1,1,0
demo_session_00251,4.0,0,1,0,0
demo_session_00252,5.0,1,0,3,0
demo_session_00253,4.0,0,0,4,2
demo_session_00254,5.0,1,0,2,1
demo_session_00255,4.0,0,0,0,0
demo_session_00256,1.0,1,1,1,0
demo_session_00257,5.0,2,1,3,0
demo_session_00258,4.0,1,1,3,0
demo_session_00259,1.0,0,2,0,0
demo_session_00260,5.0,1,0,0,0
demo_session_00261,5.0,1,1,0,0
demo_session_00262,4.0,1,0,1,1
demo_session_00263,4.0,0,1,0,0
demo_session_00264,3.0,1,0,1,1
demo_session_00265,4.0,2,1,2,1
demo_session_00266,5.0,3,0,5,3
demo_session_00267,3.0,0,0,1,0
demo_session_00268,5.0,1,0,2,1
demo_session_00269,2.0,0,0,1,0
demo_session_00270,5.0,1,0,2,0
demo_session_00271,3.0,0,0,0,0
demo_session_00272,4.0,3,1,3,1
demo_session_00273,5.0,4,0,4,2
demo_session_00274,1.0,0,0,1,0
demo_session_00275,2.0,2,0,0,0
demo_session_00276,5.0,0,0,1,0
demo_session_00277,5.0,0,0,2,1
demo_session_00278,4.0,3,0,3,2
demo_session_00279,5.0,0,0,1,0
demo_session_00280,5.0,0,0,0,0
demo_session_00281,5.0,0,1,1,0
demo_session_00282,5.0,3,0,3,2
demo_session_00283,3.0,2,0,0,0
demo_session_00284,5.0,1,0,1,0
demo_session_00285,4.0,1,0,1,0
demo_session_00286,5.0,0,1,1,0
demo_session_00287,5.0,1,0,3,1
demo_session_00288,5.0,2,0,3,1
demo_session_00289,5.0,2,0,2,1
demo_session_00290,4.0,1,1,3,1
demo_session_00291,5.0,0,0,1,1
demo_session_00292,4.0,0,0,0,0
demo_session_00293,4.0,1,0,2,1
demo_session_00294,4.0,0,0,2,1
demo_session_00295,3.0,0,0,1,0
demo_session_00296,4.0,1,0,0,0
demo_session_00297,5.0,1,0,1,0
demo_session_00298,5.0,1,1,1,0
demo_session_00299,5.0,0,0,2,1
demo_session_00300,5.0,1,1,4,1
demo_session_00301,4.0,0,2,1,0
demo_session_00302,4.0,0,0,0,0
demo_session_00303,4.0,0,1,3,1
demo_session_00304,1.0,0,0,0,0
demo_session_00305,5.0,1,0,1,0
demo_session_00306,3.0,1,0,4,1
demo_session_00307,4.0,1,2,1,0
demo_session_00308,5.0,2,1,2,0
demo_session_00309,5.0,1,0,1,1
demo_session_00310,4.0,0,4,1,1
demo_session_00311,5.0,1,0,1,0
demo_session_00312,5.0,0,1,2,0
demo_session_00313,5.0,2,0,5,2
demo_session_00314,1.0,1,0,1,0
demo_session_00315,5.0,0,1,3,2
demo_session_00316,5.0,1,0,2,1
demo_session_00317,4.0,0,0,1,1
demo_session_00318,4.0,4,0,4,0
demo_session_00319,4.0,0,0,2,2
demo_session_00320,5.0,0,0,0,0
demo_session_00321,3.0,0,1,2,1
demo_session_00322,1.0,3,0,3,2
demo_session_00323,4.0,1,0,1,1
demo_session_00324,4.0,1,0,1,0
demo_session_00325,2.0,0,1,1,0
demo_session_00326,5.0,1,0,0,0
demo_session_00327,5.0,1,1,1,0
demo_session_00328,5.0,1,2,4,2
demo_session_00329,5.0,0,1,1,1
demo_session_00330,5.0,1,0,0,0
demo_session_00331,4.0,1,0,1,0
demo_session_00332,4.0,0,0,0,0
demo_session_00333,3.0,1,0,1,1
demo_session_00334,3.0,2,0,0,0
demo_session_00335,4.0,1,0,1,0
demo_session_00336,2.0,0,0,1,0
demo_session_00337,5.0,0,1,2,1
demo_session_00338,5.0,2,0,2,0
demo_session_00339,5.0,1,0,2,0
demo_session_00340,5.0,5,1,6,3
demo_session_00341,3.0,2,1,3,1
demo_session_00342,4.0,2,0,1,0
demo_session_00343,5.0,2,1,3,0
demo_session_00344,4.0,1,0,1,0
demo_session_00345,3.0,2,0,2,1
demo_session_00346,5.0,1,0,0,0
demo_session_00347,3.0,2,0,2,1
demo_session_00348,3.0,1,0,2,0
demo_session_00349,4.0,1,0,2,1
demo_session_00350,4.0,2,1,4,2
demo_session_00351,3.0,2,0,0,0
demo_session_00352,3.0,1,1,1,1
demo_session_00353,5.0,3,1,4,2
demo_session_00354,4.0,0,2,2,0
demo_session_00355,4.0,2,1,4,2
demo_session_00356,5.0,2,1,4,1
demo_session_00357,5.0,0,0,1,0
demo_session_00358,4.0,0,0,0,0
demo_session_00359,4.0,5,1,7,2
demo_session_00360,5.0,2,0,2,1
demo_session_00361,5.0,1,1,2,1
demo_session_00362,5.0,3,1,4,3
demo_session_00363,3.0,1,1,2,0
demo_session_00364,5.0,2,0,2,0
demo_session_00365,5.0,1,0,2,2
demo_session_00366,3.0,1,0,1,0
demo_session_00367,5.0,0,0,1,0
demo_session_00368,4.0,2,0,0,0
demo_session_00369,3.0,0,1,1,1
demo_session_00370,5.0,1,0,1,1
demo_session_00371,3.0,1,0,0,0
demo_session_00372,5.0,3,0,3,1
demo_session_00373,3.0,0,1,0,0
demo_session_00374,5.0,2,2,1,0
demo_session_00375,2.0,2,1,2,1
demo_session_00376,4.0,1,2,2,1
demo_session_00377,3.0,1,0,0,0
demo_session_00378,2.0,0,0,0,0
demo_session_00379,4.0,1,1,1,1
demo_session_00380,5.0,0,1,3,0
demo_session_00381,5.0,1,0,0,0
demo_session_00382,3.0,0,0,0,0
demo_session_00383,4.0,3,0,4,2
demo_session_00384,5.0,2,0,3,1
demo_session_00385,5.0,0,1,1,0
demo_session_00386,5.0,0,2,1,0
demo_session_00387,4.0,1,0,4,0
demo_session_00388,4.0,2,2,2,2
demo_session_00389,5.0,1,0,1,0
demo_session_00390,4.0,0,1,0,0
demo_session_00391,5.0,3,0,2,1
demo_session_00392,5.0,0,2,2,0
demo_session_00393,4.0,1,0,3,2
demo_session_00394,4.0,3,1,0,0
demo_session_00395,4.0,2,0,2,1
demo_session_00396,5.0,0,2,5,3
demo_session_00397,3.0,0,0,0,0
demo_session_00398,4.0,0,0,3,1
demo_session_00399,4.0,1,0,2,1
demo_session_00400,5.0,0,2,2,1
demo_session_00401,3.0,0,0,0,0
demo_session_00402,4.0,0,0,1,0
demo_session_00403,1.0,2,0,4,3
demo_session_00404,4.0,1,0,1,0
demo_session_00405,3.0,2,0,2,2
demo_session_00406,4.0,3,1,2,0
demo_session_00407,5.0,0,1,0,0
demo_session_00408,4.0,1,2,5,2
demo_session_00409,5.0,2,0,1,1
demo_session_00410,5.0,0,1,2,2
demo_session_00411,4.0,1,0,2,1
demo_session_00412,5.0,2,0,3,1
demo_session_00413,5.0,3,1,5,3
demo_session_00414,5.0,2,0,0,0
demo_session_00415,4.0,2,0,4,1
demo_session_00416,1.0,3,1,5,3
demo_session_00417,4.0,2,2,4,1
demo_session_00418,4.0,0,0,3,0
demo_session_00419,4.0,0,2,1,1
demo_session_00420,5.0,2,0,3,1
demo_session_00421,1.0,2,0,1,0
demo_session_00422,4.0,4,0,4,1
demo_session_00423,2.0,1,0,0,0
demo_session_00424,4.0,1,0,2,2
demo_session_00425,4.0,2,0,2,1
demo_session_00426,5.0,1,3,1,1
demo_session_00427,5.0,2,1,3,1
demo_session_00428,4.0,2,1,2,0
demo_session_00429,5.0,3,0,0,0
demo_session_00430,5.0,1,2,4,1
demo_session_00431,5.0,3,1,2,1
demo_session_00432,4.0,0,0,1,0
demo_session_00433,4.0,1,0,2,0
demo_session_00434,4.0,1,0,0,0
demo_session_00435,5.0,1,1,2,1
demo_session_00436,3.0,2,0,1,1
demo_session_00437,5.0,0,1,2,1
demo_session_00438,4.0,1,0,4,1
demo_session_00439,4.0,1,0,2,1
demo_session_00440,5.0,0,0,1,0
demo_session_00441,4.0,1,0,3,2
demo_session_00442,4.0,0,1,4,2
demo_session_00443,5.0,2,0,0,0
demo_session_00444,2.0,0,0,0,0
demo_session_00445,4.0,0,0,1,1
demo_session_00446,4.0,0,1,2,0
demo_session_00447,4.0,1,0,2,1
demo_session_00448,5.0,2,2,0,0
demo_session_00449,5.0,2,0,3,2
demo_session_00450,5.0,1,0,1,1
demo_session_00451,4.0,1,1,4,1
demo_session_00452,4.0,0,0,1,0
demo_session_00453,5.0,1,0,2,1
demo_session_00454,4.0,1,0,1,1
demo_session_00455,4.0,0,0,3,1
demo_session_00456,4.0,0,1,1,0
demo_session_00457,4.0,1,2,0,0
demo_session_00458,5.0,1,1,2,1
demo_session_00459,4.0,1,1,3,1
demo_session_00460,4.0,0,0,0,0
demo_session_00461,4.0,3,0,5,1
demo_session_00462,5.0,1,1,4,1
demo_session_00463,4.0,4,0,3,1
demo_session_00464,3.0,2,0,0,0
demo_session_00465,4.0,4,0,4,2
demo_session_00466,5.0,1,2,7,3
demo_session_00467,5.0,1,0,1,0
demo_session_00468,3.0,0,0,2,0
demo_session_00469,5.0,2,1,3,2
demo_session_00470,5.0,1,1,2,0
demo_session_00471,5.0,3,0,4,1
demo_session_00472,5.0,1,0,0,0
demo_session_00473,4.0,0,1,1,0
demo_session_00474,5.0,1,1,4,1
demo_session_00475,4.0,0,0,1,1
demo_session_00476,4.0,1,1,3,0
demo_session_00477,4.0,1,0,1,1
demo_session_00478,4.0,1,2,1,0
demo_session_00479,5.0,0,1,1,0
demo_session_00480,3.0,0,0,0,0
demo_session_00481,5.0,1,0,1,1
demo_session_00482,3.0,1,0,1,0
demo_session_00483,3.0,1,0,4,2
demo_session_00484,5.0,2,0,1,0
demo_session_00485,4.0,0,1,2,2
demo_session_00486,4.0,2,1,2,0
demo_session_00487,5.0,1,1,3,1
demo_session_00488,4.0,3,2,4,0
demo_session_00489,3.0,2,0,1,0
demo_session_00490,3.0,3,0,2,0
demo_session_00491,2.0,0,1,1,0
demo_session_00492,5.0,3,0,2,0
demo_session_00493,5.0,1,1,3,0
demo_session_00494,4.0,0,0,0,0
demo_session_00495,4.0,1,3,6,3
demo_session_00496,4.0,0,0,0,0
demo_session_00497,4.0,0,0,0,0
demo_session_00498,5.0,4,0,5,2
demo_session_00499,5.0,2,0,3,0
demo_session_00500,5.0,3,2,2,2
demo_session_00501,2.0,2,0,1,1
demo_session_00502,4.0,1,0,1,0
demo_session_00503,2.0,2,0,2,1
demo_session_00504,3.0,1,1,1,0
demo_session_00505,5.0,1,1,1,0
demo_session_00506,5.0,2,0,4,2
demo_session_00507,5.0,0,1,2,1
demo_session_00508,4.0,0,0,0,0
demo_session_00509,5.0,1,1,1,1
demo_session_00510,5.0,3,0,3,2
demo_session_00511,5.0,1,0,2,2
demo_session_00512,5.0,3,0,3,1
demo_session_00513,3.0,1,0,0,0
demo_session_00514,5.0,0,0,0,0
demo_session_00515,4.0,2,2,6,3
demo_session_00516,1.0,1,0,6,3
demo_session_00517,5.0,0,0,1,1
demo_session_00518,5.0,2,0,1,0
demo_session_00519,4.0,2,0,2,0
demo_session_00520,4.0,1,1,1,0
demo_session_00521,5.0,0,0,2,0
demo_session_00522,5.0,1,1,2,2
demo_session_00523,3.0,0,0,1,1
demo_session_00524,2.0,0,0,3,0
demo_session_00525,4.0,2,1,7,2
demo_session_00526,4.0,5,1,4,1
demo_session_00527,4.0,0,0,1,1
demo_session_00528,5.0,0,0,1,1
demo_session_00529,4.0,0,0,0,0
demo_session_00530,3.0,0,0,0,0
demo_session_00531,4.0,0,0,0,0
demo_session_00532,3.0,0,1,1,0
demo_session_00533,5.0,0,3,2,0
demo_session_00534,3.0,0,0,0,0
demo_session_00535,5.0,1,1,0,0
demo_session_00536,3.0,1,0,0,0
demo_session_00537,5.0,2,1,4,3
demo_session_00538,5.0,1,0,1,1
demo_session_00539,5.0,2,1,0,0
demo_session_00540,5.0,1,0,1,1
demo_session_00541,4.0,0,0,0,0
demo_session_00542,4.0,0,0,1,0
demo_session_00543,5.0,0,0,0,0
demo_session_00544,4.0,0,1,2,0
demo_session_00545,1.0,1,1,0,0
demo_session_00546,5.0,1,2,4,2
demo_session_00547,4.0,0,0,0,0
demo_session_00548,4.0,0,0,1,0
demo_session_00549,5.0,2,1,4,2
demo_session_00550,4.0,0,2,3,2
demo_session_00551,5.0,2,1,3,1
demo_session_00552,3.0,0,1,1,0
demo_session_00553,2.0,0,1,1,1
demo_session_00554,5.0,3,0,4,3
demo_session_00555,5.0,2,0,2,0
demo_session_00556,1.0,2,1,2,1
demo_session_00557,3.0,1,0,3,0
demo_session_00558,4.0,2,0,2,2
demo_session_00559,4.0,0,0,0,0
demo_session_00560,5.0,2,4,4,2
demo_session_00561,4.0,1,0,0,0
demo_session_00562,4.0,1,1,1,0
demo_session_00563,4.0,1,0,0,0
demo_session_00564,5.0,4,1,3,2
demo_session_00565,5.0,0,0,1,1
demo_session_00566,4.0,3,0,4,2
demo_session_00567,5.0,1,2,1,0
demo_session_00568,4.0,1,2,0,0
demo_session_00569,2.0,2,1,0,0
demo_session_00570,5.0,3,0,5,2
demo_session_00571,5.0,1,0,1,1
demo_session_00572,5.0,1,0,4,1
demo_session_00573,4.0,0,0,3,0
demo_session_00574,4.0,0,0,0,0
demo_session_00575,4.0,0,0,0,0
demo_session_00576,5.0,1,1,0,0
demo_session_00577,5.0,1,0,3,2
demo_session_00578,1.0,0,0,0,0
demo_session_00579,5.0,4,0,3,1
demo_session_00580,4.0,1,2,2,1
demo_session_00581,4.0,0,1,0,0
demo_session_00582,5.0,4,1,3,2
demo_session_00583,5.0,2,0,4,0
demo_session_00584,4.0,0,1,1,1
demo_session_00585,3.0,0,0,1,0
demo_session_00586,5.0,3,0,1,0
demo_session_00587,5.0,3,0,5,4
demo_session_00588,3.0,0,1,0,0
demo_session_00589,1.0,0,0,1,1
demo_session_00590,4.0,0,1,2,0
demo_session_00591,5.0,0,1,2,2
demo_session_00592,4.0,2,3,3,2
demo_session_00593,4.0,1,0,2,1
demo_session_00594,4.0,0,1,2,0
demo_session_00595,5.0,0,0,3,0
demo_session_00596,2.0,0,1,0,0
demo_session_00597,4.0,1,0,1,1
demo_session_00598,4.0,0,1,1,1
demo_session_00599,2.0,0,0,0,0
demo_session_00600,4.0,1,0,1,0
demo_session_00601,4.0,0,2,2,1
demo_session_00602,3.0,1,1,1,0
demo_session_00603,5.0,1,1,1,0
demo_session_00604,5.0,1,1,2,1
demo_session_00605,3.0,1,0,2,0
demo_session_00606,4.0,0,1,1,0
demo_session_00607,5.0,1,0,1,0
demo_session_00608,4.0,1,0,4,1
demo_session_00609,5.0,0,0,1,1
demo_session_00610,5.0,1,1,0,0
demo_session_00611,5.0,0,1,0,0
demo_session_00612,5.0,5,0,5,1
demo_session_00613,4.0,1,0,2,0
demo_session_00614,4.0,1,0,2,1
demo_session_00615,5.0,0,0,1,0
demo_session_00616,5.0,0,0,0,0
demo_session_00617,5.0,0,1,0,0
demo_session_00618,2.0,0,0,1,0
demo_session_00619,3.0,0,0,0,0
demo_session_00620,5.0,1,0,0,0
demo_session_00621,5.0,3,0,3,3
demo_session_00622,3.0,2,1,5,1
demo_session_00623,5.0,4,0,7,2
demo_session_00624,5.0,4,1,7,4
demo_session_00625,4.0,3,1,3,2
demo_session_00626,5.0,1,1,1,0
demo_session_00627,5.0,1,1,0,0
demo_session_00628,5.0,1,1,2,0
demo_session_00629,5.0,0,1,2,0
demo_session_00630,4.0,0,1,0,0
demo_session_00631,4.0,3,0,2,0
demo_session_00632,4.0,1,0,2,1
demo_session_00633,5.0,4,0,0,0
demo_session_00634,1.0,0,0,1,1
demo_session_00635,2.0,2,1,4,1
demo_session_00636,4.0,1,1,1,0
demo_session_00637,5.0,3,1,5,2
demo_session_00638,3.0,2,1,2,0
demo_session_00639,5.0,1,0,2,0
demo_session_00640,4.0,2,2,0,0
demo_session_00641,4.0,0,2,2,1
demo_session_00642,4.0,1,1,1,0
demo_session_00643,5.0,2,0,5,1
demo_session_00644,5.0,1,0,1,0
demo_session_00645,4.0,0,0,0,0
demo_session_00646,5.0,2,1,3,1
demo_session_00647,5.0,3,1,2,1
demo_session_00648,3.0,0,1,1,0
demo_session_00649,5.0,2,0,5,1
demo_session_00650,2.0,1,0,1,0
demo_session_00651,5.0,4,0,6,1
demo_session_00652,5.0,1,0,1,1
demo_session_00653,4.0,1,0,1,1
demo_session_00654,3.0,0,0,1,0
demo_session_00655,4.0,0,1,0,0
demo_session_00656,4.0,0,0,3,1
demo_session_00657,1.0,0,1,2,1
demo_session_00658,5.0,0,2,1,0
demo_session_00659,4.0,5,2,6,2
demo_session_00660,5.0,3,0,1,1
demo_session_00661,2.0,1,0,0,0
demo_session_00662,5.0,1,0,1,0
demo_session_00663,4.0,1,1,2,0
demo_session_00664,4.0,0,0,1,0
demo_session_00665,5.0,1,0,2,1
demo_session_00666,5.0,1,0,2,1
demo_session_00667,5.0,1,0,1,0
demo_session_00668,4.0,2,0,2,1
demo_session_00669,4.0,0,1,0,0
demo_session_00670,4.0,3,0,3,0
demo_session_00671,2.0,1,0,1,1
demo_session_00672,4.0,2,0,5,1
demo_session_00673,3.0,2,1,2,0
demo_session_00674,1.0,0,4,4,2
demo_session_00675,3.0,1,1,1,0
demo_session_00676,5.0,0,1,1,0
demo_session_00677,5.0,1,0,4,1
demo_session_00678,5.0,3,0,5,1
demo_session_00679,5.0,1,1,5,1
demo_session_00680,3.0,0,0,1,0
demo_session_00681,5.0,3,0,2,0
demo_session_00682,4.0,1,0,1,0
demo_session_00683,5.0,2,1,4,1
demo_session_00684,5.0,0,0,0,0
demo_session_00685,4.0,0,1,2,1
demo_session_00686,5.0,0,1,0,0
demo_session_00687,5.0,1,1,1,1
demo_session_00688,5.0,1,0,0,0
demo_session_00689,5.0,0,1,0,0
demo_session_00690,4.0,0,1,0,0
demo_session_00691,5.0,1,0,2,0
demo_session_00692,4.0,4,0,6,1
demo_session_00693,5.0,2,1,1,0
demo_session_00694,3.0,0,0,1,0
demo_session_00695,5.0,1,0,0,0
demo_session_00696,4.0,1,0,0,0
demo_session_00697,2.0,1,0,0,0
demo_session_00698,5.0,4,0,1,0
demo_session_00699,5.0,2,1,3,1
demo_session_00700,4.0,0,0,0,0
demo_session_00701,5.0,0,0,0,0
demo_session_00702,5.0,0,0,1,1
demo_session_00703,5.0,1,0,0,0
demo_session_00704,4.0,2,1,5,3
demo_session_00705,5.0,1,1,1,0
demo_session_00706,4.0,0,1,0,0
demo_session_00707,2.0,0,2,1,0
demo_session_00708,5.0,0,3,4,0
demo_session_00709,2.0,1,1,1,0
demo_session_00710,5.0,1,1,1,0
demo_session_00711,3.0,0,1,1,0
demo_session_00712,4.0,0,0,0,0
demo_session_00713,1.0,1,0,3,0
demo_session_00714,5.0,0,0,2,0
demo_session_00715,5.0,0,1,3,1
demo_session_00716,5.0,4,2,3,0
demo_session_00717,5.0,1,0,1,1
demo_session_00718,5.0,1,1,2,0
demo_session_00719,5.0,2,1,2,0
demo_session_00720,5.0,4,1,7,2
demo_session_00721,4.0,1,1,2,1
demo_session_00722,5.0,0,0,0,0
demo_session_00723,5.0,1,0,2,0
demo_session_00724,3.0,0,0,0,0
demo_session_00725,5.0,0,0,0,0
demo_session_00726,2.0,0,1,0,0
demo_session_00727,2.0,1,0,1,0
demo_session_00728,5.0,0,0,1,0
demo_session_00729,5.0,1,0,0,0
demo_session_00730,3.0,0,1,2,0
demo_session_00731,5.0,2,0,0,0
demo_session_00732,5.0,2,2,7,0
demo_session_00733,4.0,4,1,3,1
demo_session_00734,3.0,6,1,4,2
demo_session_00735,2.0,0,0,0,0
demo_session_00736,3.0,1,0,0,0
demo_session_00737,5.0,2,1,0,0
demo_session_00738,4.0,0,0,0,0
demo_session_00739,3.0,1,0,1,1
demo_session_00740,2.0,1,1,2,2
demo_session_00741,4.0,1,0,1,0
demo_session_00742,5.0,2,0,2,2
demo_session_00743,4.0,0,1,1,0
demo_session_00744,5.0,0,1,1,0
demo_session_00745,3.0,2,0,5,2
demo_session_00746,3.0,0,0,0,0
demo_session_00747,4.0,0,0,1,0
demo_session_00748,4.0,2,0,2,0
demo_session_00749,4.0,0,0,0,0
demo_session_00750,4.0,0,1,1,0
demo_session_00751,4.0,0,0,1,0
demo_session_00752,2.0,0,0,0,0
demo_session_00753,4.0,2,0,4,1
demo_session_00754,5.0,1,0,1,1
demo_session_00755,4.0,2,0,4,1
demo_session_00756,5.0,3,0,3,0
demo_session_00757,4.0,0,0,0,0
demo_session_00758,4.0,0,2,4,0
demo_session_00759,4.0,3,0,2,2
demo_session_00760,5.0,0,1,2,2
demo_session_00761,4.0,0,0,1,0
demo_session_00762,5.0,3,1,1,0
demo_session_00763,2.0,2,0,3,1
demo_session_00764,4.0,2,1,1,0
demo_session_00765,4.0,0,0,0,0
demo_session_00766,4.0,1,0,1,1
demo_session_00767,3.0,1,0,2,1
demo_session_00768,5.0,1,1,1,1
demo_session_00769,5.0,0,0,1,0
demo_session_00770,3.0,0,0,0,0
demo_session_00771,5.0,0,2,0,0
demo_session_00772,5.0,1,1,1,1
demo_session_00773,3.0,0,1,1,0
demo_session_00774,2.0,1,0,0,0
demo_session_00775,5.0,2,0,2,0
demo_session_00776,4.0,1,2,3,1
demo_session_00777,5.0,2,0,2,1
demo_session_00778,5.0,5,0,10,5
demo_session_00779,5.0,3,0,2,1
demo_session_00780,4.0,3,0,1,1
demo_session_00781,4.0,3,0,4,1
demo_session_00782,3.0,2,1,3,1
demo_session_00783,4.0,0,1,0,0
demo_session_00784,5.0,1,0,2,0
demo_session_00785,5.0,3,0,3,0
demo_session_00786,4.0,2,0,2,1
demo_session_00787,2.0,1,1,2,0
demo_session_00788,5.0,1,0,3,1
demo_session_00789,5.0,4,0,5,1
demo_session_00790,5.0,0,1,2,1
demo_session_00791,4.0,0,0,0,0
demo_session_00792,3.0,3,1,3,2
demo_session_00793,4.0,1,0,1,1
demo_session_00794,4.0,1,2,3,1
demo_session_00795,3.0,1,0,2,1
demo_session_00796,3.0,3,1,4,1
demo_session_00797,5.0,3,0,2,2
demo_session_00798,4.0,1,0,2,0
demo_session_00799,4.0,1,1,5,4
demo_session_00800,4.0,0,0,3,2
demo_session_00801,3.0,1,0,2,1
demo_session_00802,4.0,0,0,3,2
demo_session_00803,5.0,1,1,2,0
demo_session_00804,5.0,2,0,3,1
demo_session_00805,5.0,0,1,0,0
demo_session_00806,5.0,3,0,5,1
demo_session_00807,4.0,0,0,1,0
demo_session_00808,5.0,0,1,1,1
demo_session_00809,5.0,0,1,2,1
demo_session_00810,5.0,2,0,1,1
demo_session_00811,4.0,1,0,0,0
demo_session_00812,1.0,1,1,3,2
demo_session_00813,5.0,2,1,3,0
demo_session_00814,4.0,3,0,1,0
demo_session_00815,5.0,1,0,3,1
demo_session_00816,3.0,2,0,0,0
demo_session_00817,5.0,1,0,2,0
demo_session_00818,3.0,1,1,1,1
demo_session_00819,5.0,1,1,5,2
demo_session_00820,1.0,0,0,0,0
demo_session_00821,5.0,0,2,1,1
demo_session_00822,4.0,0,2,2,1
demo_session_00823,4.0,0,1,0,0
demo_session_00824,4.0,2,0,2,1
demo_session_00825,5.0,2,1,3,1
demo_session_00826,4.0,0,0,1,1
demo_session_00827,3.0,4,0,2,1
demo_session_00828,5.0,1,0,0,0
demo_session_00829,5.0,0,0,4,2
demo_session_00830,5.0,4,0,1,0
demo_session_00831,5.0,3,0,3,2
demo_session_00832,5.0,0,0,0,0
demo_session_00833,5.0,2,1,4,1
demo_session_00834,5.0,0,0,0,0
demo_session_00835,4.0,0,0,2,0
demo_session_00836,4.0,1,0,1,0
demo_session_00837,4.0,0,1,0,0
demo_session_00838,5.0,2,1,1,0
demo_session_00839,3.0,0,0,2,0
demo_session_00840,2.0,1,0,3,0
demo_session_00841,3.0,0,0,0,0
demo_session_00842,5.0,1,0,0,0
demo_session_00843,5.0,2,0,1,1
demo_session_00844,4.0,0,1,1,1
demo_session_00845,5.0,2,1,5,3
demo_session_00846,4.0,0,0,2,1
demo_session_00847,4.0,0,1,4,1
demo_session_00848,4.0,1,0,0,0
demo_session_00849,3.0,0,0,0,0
demo_session_00850,5.0,2,1,5,3
demo_session_00851,4.0,1,3,2,1
demo_session_00852,5.0,1,1,2,0
demo_session_00853,5.0,1,1,3,3
demo_session_00854,4.0,1,0,1,1
demo_session_00855,5.0,2,0,0,0
demo_session_00856,4.0,0,2,4,0
demo_session_00857,5.0,0,0,1,1
demo_session_00858,5.0,1,2,0,0
demo_session_00859,2.0,1,0,4,0
demo_session_00860,5.0,1,1,1,1
demo_session_00861,5.0,3,0,2,1
demo_session_00862,5.0,1,0,2,0
demo_session_00863,4.0,0,0,0,0
demo_session_00864,5.0,0,0,0,0
demo_session_00865,5.0,0,1,2,1
demo_session_00866,5.0,1,0,0,0
demo_session_00867,5.0,4,0,5,2
demo_session_00868,5.0,0,2,2,0
demo_session_00869,5.0,1,1,2,1
demo_session_00870,3.0,0,2,2,1
demo_session_00871,4.0,1,1,2,1
demo_session_00872,4.0,0,1,1,1
demo_session_00873,4.0,0,1,2,0
demo_session_00874,3.0,0,0,0,0
demo_session_00875,4.0,2,0,1,0
demo_session_00876,5.0,2,1,0,0
demo_session_00877,4.0,1,1,1,1
demo_session_00878,4.0,1,1,0,0
demo_session_00879,5.0,2,0,3,0
demo_session_00880,5.0,0,1,1,0
demo_session_00881,3.0,0,0,1,1
demo_session_00882,5.0,2,1,3,2
demo_session_00883,5.0,1,0,0,0
demo_session_00884,4.0,1,0,3,1
demo_session_00885,2.0,1,2,0,0
demo_session_00886,5.0,1,1,2,1
demo_session_00887,3.0,2,0,2,2
demo_session_00888,5.0,1,0,1,1
demo_session_00889,2.0,2,0,2,0
demo_session_00890,4.0,0,0,0,0
demo_session_00891,3.0,0,1,3,1
demo_session_00892,5.0,0,0,1,0
demo_session_00893,5.0,3,0,4,0
demo_session_00894,5.0,3,0,1,0
demo_session_00895,4.0,1,0,0,0
demo_session_00896,5.0,1,0,2,1
demo_session_00897,4.0,0,0,0,0
demo_session_00898,5.0,2,0,2,1
demo_session_00899,5.0,3,2,5,3
demo_session_00900,4.0,2,1,4,1
demo_session_00901,5.0,4,0,2,0
demo_session_00902,3.0,0,1,2,0
demo_session_00903,4.0,0,0,2,0
demo_session_00904,5.0,0,0,1,0
demo_session_00905,3.0,0,0,1,1
demo_session_00906,3.0,1,1,3,0
demo_session_00907,4.0,0,2,2,1
demo_session_00908,4.0,1,0,2,0
demo_session_00909,5.0,2,0,1,0
demo_session_00910,5.0,0,0,1,1
demo_session_00911,3.0,0,2,2,2
demo_session_00912,5.0,0,0,2,0
demo_session_00913,5.0,0,1,0,0
demo_session_00914,4.0,2,0,4,3
demo_session_00915,4.0,1,0,2,0
demo_session_00916,4.0,0,0,1,1
demo_session_00917,3.0,1,0,1,0
demo_session_00918,2.0,2,1,3,1
demo_session_00919,1.0,0,0,1,1
demo_session_00920,4.0,1,1,1,1
demo_session_00921,4.0,0,0,1,1
demo_session_00922,4.0,0,2,4,1
demo_session_00923,5.0,2,0,0,0
demo_session_00924,3.0,0,2,1,1
demo_session_00925,5.0,3,0,5,1
demo_session_00926,5.0,3,0,5,1
demo_session_00927,5.0,0,2,2,0
demo_session_00928,5.0,0,0,0,0
demo_session_00929,5.0,0,1,1,0
demo_session_00930,4.0,1,0,2,0
demo_session_00931,5.0,3,0,2,1
demo_session_00932,4.0,1,0,3,0
demo_session_00933,3.0,0,1,1,0
demo_session_00934,3.0,0,0,1,0
demo_session_00935,5.0,2,2,4,2
demo_session_00936,5.0,0,0,0,0
demo_session_00937,5.0,0,1,2,0
demo_session_00938,3.0,2,0,1,0
demo_session_00939,3.0,1,0,2,1
demo_session_00940,5.0,0,0,0,0
demo_session_00941,5.0,0,1,2,2
demo_session_00942,5.0,2,0,1,1
demo_session_00943,4.0,4,0,3,1
demo_session_00944,4.0,1,0,4,3
demo_session_00945,4.0,2,0,2,1
demo_session_00946,4.0,3,1,2,2
demo_session_00947,5.0,3,0,3,0
demo_session_00948,3.0,0,0,0,0
demo_session_00949,4.0,3,1,5,0
demo_session_00950,5.0,0,2,1,0
demo_session_00951,3.0,0,1,3,2
demo_session_00952,5.0,1,2,3,0
demo_session_00953,5.0,2,1,2,0
demo_session_00954,2.0,0,0,2,1
demo_session_00955,5.0,1,2,0,0
demo_session_00956,4.0,0,1,0,0
demo_session_00957,2.0,0,0,0,0
demo_session_00958,4.0,0,1,4,3
demo_session_00959,5.0,2,2,4,2
demo_session_00960,4.0,4,0,3,2
demo_session_00961,4.0,0,0,1,0
demo_session_00962,1.0,0,0,1,1
demo_session_00963,5.0,3,0,3,0
demo_session_00964,5.0,0,1,1,0
demo_session_00965,3.0,3,1,4,1
demo_session_00966,5.0,1,0,1,0
demo_session_00967,3.0,0,1,0,0
demo_session_00968,5.0,0,0,2,1
demo_session_00969,4.0,2,1,3,1
demo_session_00970,2.0,1,0,1,0
demo_session_00971,4.0,0,0,1,0
demo_session_00972,5.0,3,1,2,0
demo_session_00973,4.0,1,1,3,0
demo_session_00974,2.0,3,0,0,0
demo_session_00975,5.0,2,1,2,2
demo_session_00976,5.0,1,0,3,1
demo_session_00977,5.0,1,0,4,0
demo_session_00978,4.0,1,0,0,0
demo_session_00979,5.0,2,0,4,0
demo_session_00980,4.0,5,0,2,1
demo_session_00981,3.0,1,1,2,1
demo_session_00982,4.0,1,0,1,1
demo_session_00983,4.0,2,0,2,0
demo_session_00984,3.0,0,0,0,0
demo_session_00985,4.0,1,1,1,0
demo_session_00986,4.0,1,0,0,0
demo_session_00987,5.0,1,0,1,0
demo_session_00988,4.0,1,0,4,2
demo_session_00989,5.0,1,0,1,0
demo_session_00990,4.0,1,0,0,0
demo_session_00991,5.0,1,1,1,1
demo_session_00992,5.0,1,0,1,0
demo_session_00993,5.0,1,1,1,1
demo_session_00994,5.0,1,2,0,0
demo_session_00995,4.0,1,0,1,0
demo_session_00996,5.0,0,0,1,1
demo_session_00997,5.0,0,1,3,0
demo_session_00998,2.0,0,1,3,2
demo_session_00999,5.0,1,0,0,0
demo_session_01000,4.0,1,1,0,0
demo_session_01001,5.0,1,0,1,0
demo_session_01002,2.0,0,1,1,1
demo_session_01003,4.0,0,2,1,1
demo_session_01004,4.0,1,0,1,0
demo_session_01005,4.0,0,0,1,0
demo_session_01006,4.0,1,2,5,1
demo_session_01007,3.0,0,1,4,1
demo_session_01008,5.0,2,0,0,0
demo_session_01009,3.0,0,0,2,1
demo_session_01010,4.0,3,1,4,0
demo_session_01011,5.0,0,0,2,0
demo_session_01012,5.0,0,0,2,0
demo_session_01013,5.0,1,0,3,1
demo_session_01014,5.0,5,0,3,0
demo_session_01015,4.0,0,0,4,2
demo_session_01016,4.0,3,2,3,0
demo_session_01017,5.0,1,1,1,1
demo_session_01018,2.0,1,1,3,2
demo_session_01019,4.0,0,0,0,0
demo_session_01020,5.0,2,0,3,1
demo_session_01021,4.0,1,0,1,1
demo_session_01022,5.0,1,1,1,0
demo_session_01023,2.0,0,1,0,0
demo_session_01024,4.0,1,0,1,0
demo_session_01025,4.0,2,1,3,1
demo_session_01026,4.0,0,0,1,1
demo_session_01027,4.0,0,0,0,0
demo_session_01028,3.0,2,0,4,0
demo_session_01029,4.0,1,0,1,0
demo_session_01030,4.0,0,0,0,0
demo_session_01031,5.0,2,1,1,0
demo_session_01032,4.0,1,1,1,0
demo_session_01033,5.0,4,0,5,2
demo_session_01034,5.0,0,2,3,0
demo_session_01035,5.0,2,0,2,0
demo_session_01036,5.0,0,1,1,1
demo_session_01037,3.0,2,1,2,0
demo_session_01038,5.0,1,2,4,0
demo_session_01039,5.0,0,2,3,1
demo_session_01040,4.0,1,1,0,0
demo_session_01041,3.0,1,0,0,0
demo_session_01042,4.0,1,0,2,2
demo_session_01043,5.0,3,0,3,1
demo_session_01044,3.0,0,0,2,1
demo_session_01045,3.0,1,0,0,0
demo_session_01046,5.0,0,0,1,1
demo_session_01047,4.0,1,3,3,1
demo_session_01048,4.0,1,0,2,1
demo_session_01049,5.0,3,1,4,2
demo_session_01050,2.0,0,2,1,1
demo_session_01051,5.0,2,0,2,1
demo_session_01052,5.0,1,0,1,0
demo_session_01053,5.0,1,0,1,0
demo_session_01054,3.0,2,0,0,0
demo_session_01055,5.0,2,1,3,0
demo_session_01056,5.0,2,0,3,1
demo_session_01057,5.0,0,0,2,2
demo_session_01058,4.0,1,0,2,1
demo_session_01059,5.0,0,0,0,0
demo_session_01060,5.0,1,1,1,1
demo_session_01061,1.0,0,1,2,1
demo_session_01062,5.0,1,0,3,2
demo_session_01063,4.0,0,2,1,1
demo_session_01064,4.0,1,0,1,0
demo_session_01065,5.0,3,1,3,1
demo_session_01066,4.0,1,0,1,0
demo_session_01067,3.0,2,1,2,0
demo_session_01068,2.0,1,1,0,0
demo_session_01069,4.0,0,0,2,0
demo_session_01070,5.0,2,0,1,0
demo_session_01071,5.0,0,2,4,0
demo_session_01072,5.0,1,0,1,0
demo_session_01073,5.0,1,0,0,0
demo_session_01074,4.0,0,0,1,1
demo_session_01075,5.0,1,1,1,0
demo_session_01076,5.0,1,0,3,2
demo_session_01077,4.0,4,0,0,0
demo_session_01078,4.0,0,1,1,0
demo_session_01079,5.0,2,1,2,2
demo_session_01080,4.0,0,1,1,1
demo_session_01081,5.0,0,1,2,2
demo_session_01082,4.0,1,0,1,0
demo_session_01083,4.0,1,1,2,1
demo_session_01084,5.0,1,1,3,1
demo_session_01085,3.0,0,0,1,0
demo_session_01086,4.0,0,1,1,1
demo_session_01087,4.0,1,0,1,0
demo_session_01088,4.0,0,0,0,0
demo_session_01089,4.0,1,0,0,0
demo_session_01090,5.0,0,1,2,0
demo_session_01091,5.0,2,1,2,1
demo_session_01092,4.0,1,0,1,0
demo_session_01093,5.0,2,0,4,2
demo_session_01094,5.0,2,0,2,0
demo_session_01095,3.0,5,1,10,3
demo_session_01096,4.0,1,0,0,0
demo_session_01097,5.0,1,1,3,1
demo_session_01098,4.0,3,0,5,2
demo_session_01099,5.0,0,1,1,1
demo_session_01100,4.0,1,2,1,1
demo_session_01101,5.0,2,0,2,0
demo_session_01102,2.0,0,0,0,0
demo_session_01103,5.0,0,1,1,0
demo_session_01104,3.0,1,1,2,1
demo_session_01105,5.0,1,0,1,0
demo_session_01106,3.0,0,0,0,0
demo_session_01107,3.0,1,0,0,0
demo_session_01108,3.0,0,0,0,0
demo_session_01109,4.0,1,0,0,0
demo_session_01110,5.0,1,1,0,0
demo_session_01111,5.0,2,1,2,0
demo_session_01112,4.0,4,1,5,2
demo_session_01113,4.0,2,1,2,1
demo_session_01114,5.0,0,0,0,0
demo_session_01115,4.0,0,0,2,0
demo_session_01116,2.0,1,0,2,0
demo_session_01117,5.0,0,0,0,0
demo_session_01118,5.0,2,0,3,3
demo_session_01119,4.0,1,1,2,2
demo_session_01120,3.0,1,0,0,0
demo_session_01121,3.0,0,1,0,0
demo_session_01122,3.0,1,0,4,2
demo_session_01123,4.0,1,0,3,1
demo_session_01124,3.0,6,0,2,2
demo_session_01125,5.0,4,0,5,2
demo_session_01126,5.0,4,0,7,3
demo_session_01127,5.0,1,2,1,0
demo_session_01128,5.0,1,0,1,0
demo_session_01129,5.0,0,0,1,1
demo_session_01130,5.0,0,0,0,0
demo_session_01131,4.0,1,0,1,1
demo_session_01132,5.0,3,1,4,1
demo_session_01133,4.0,0,1,1,0
demo_session_01134,4.0,5,0,6,3
demo_session_01135,5.0,3,0,3,0
demo_session_01136,5.0,0,1,3,2
demo_session_01137,4.0,0,0,0,0
demo_session_01138,4.0,2,0,3,0
demo_session_01139,5.0,1,2,4,2
demo_session_01140,2.0,0,0,0,0
demo_session_01141,4.0,1,0,3,3
demo_session_01142,1.0,0,0,0,0
demo_session_01143,5.0,2,1,2,1
demo_session_01144,5.0,3,2,5,3
demo_session_01145,3.0,1,0,1,1
demo_session_01146,5.0,0,1,1,0
demo_session_01147,4.0,1,0,0,0
demo_session_01148,4.0,1,1,1,1
demo_session_01149,4.0,1,0,2,0
demo_session_01150,3.0,2,0,1,0
demo_session_01151,5.0,1,0,1,0
demo_session_01152,5.0,4,1,3,1
demo_session_01153,5.0,4,1,3,1
demo_session_01154,4.0,1,0,2,0
demo_session_01155,3.0,3,0,5,1
demo_session_01156,5.0,3,0,3,0
demo_session_01157,4.0,0,1,3,1
demo_session_01158,4.0,0,2,3,0
demo_session_01159,3.0,0,1,0,0
demo_session_01160,4.0,3,1,3,2
demo_session_01161,1.0,3,1,4,0
demo_session_01162,4.0,0,3,2,1
demo_session_01163,5.0,3,0,2,0
demo_session_01164,2.0,0,1,0,0
demo_session_01165,5.0,1,1,2,1
demo_session_01166,4.0,2,2,3,2
demo_session_01167,4.0,1,0,2,2
demo_session_01168,4.0,0,1,1,1
demo_session_01169,4.0,0,1,1,1
demo_session_01170,3.0,2,0,0,0
demo_session_01171,4.0,1,0,2,0
demo_session_01172,5.0,1,2,1,0
demo_session_01173,4.0,2,1,4,1
demo_session_01174,4.0,2,1,3,2
demo_session_01175,4.0,0,0,2,1
demo_session_01176,3.0,0,0,0,0
demo_session_01177,5.0,3,0,5,1
demo_session_01178,2.0,0,1,1,1
demo_session_01179,5.0,2,2,1,0
demo_session_01180,4.0,2,0,2,1
demo_session_01181,5.0,0,1,1,0
demo_session_01182,4.0,1,1,1,0
demo_session_01183,5.0,1,0,1,1
demo_session_01184,4.0,0,0,3,0
demo_session_01185,5.0,2,0,1,1
demo_session_01186,4.0,1,0,1,1
demo_session_01187,3.0,0,0,0,0
demo_session_01188,5.0,4,0,5,1
demo_session_01189,4.0,0,1,2,0
demo_session_01190,1.0,1,0,1,0
demo_session_01191,5.0,2,0,6,2
demo_session_01192,3.0,0,0,2,2
demo_session_01193,4.0,1,0,1,0
demo_session_01194,4.0,1,1,2,0
demo_session_01195,5.0,1,1,5,2
demo_session_01196,3.0,1,0,3,1
demo_session_01197,5.0,2,0,1,0
demo_session_01198,4.0,4,2,3,1
demo_session_01199,4.0,1,1,3,1
demo_session_01200,4.0,0,0,0,0
demo_session_01201,4.0,1,1,0,0
demo_session_01202,5.0,1,0,0,0
demo_session_01203,5.0,3,0,4,2
demo_session_01204,4.0,0,1,3,1
demo_session_01205,4.0,2,1,3,1
demo_session_01206,4.0,1,1,5,1
demo_session_01207,5.0,3,1,6,1
demo_session_01208,3.0,0,0,2,1
demo_session_01209,5.0,0,0,3,2
demo_session_01210,2.0,2,1,4,3
demo_session_01211,4.0,0,0,3,0
demo_session_01212,2.0,1,1,0,0
demo_session_01213,1.0,0,0,0,0
demo_session_01214,5.0,4,0,2,1
demo_session_01215,4.0,2,0,2,1
demo_session_01216,4.0,1,0,0,0
demo_session_01217,4.0,0,1,0,0
demo_session_01218,4.0,1,0,3,0
demo_session_01219,4.0,1,1,0,0
demo_session_01220,1.0,1,0,4,2
demo_session_01221,4.0,0,1,2,0
demo_session_01222,3.0,1,0,0,0
demo_session_01223,4.0,4,1,3,2
demo_session_01224,5.0,1,2,0,0
demo_session_01225,4.0,0,0,2,1
demo_session_01226,5.0,2,1,4,0
demo_session_01227,5.0,3,1,5,2
demo_session_01228,4.0,1,1,3,0
demo_session_01229,5.0,0,0,1,1
demo_session_01230,3.0,1,0,0,0
demo_session_01231,3.0,2,0,4,2
demo_session_01232,3.0,0,1,2,1
demo_session_01233,5.0,3,1,2,0
demo_session_01234,5.0,3,0,4,1
demo_session_01235,3.0,0,0,1,0
demo_session_01236,3.0,2,0,0,0
demo_session_01237,4.0,1,1,1,1
demo_session_01238,3.0,0,0,0,0
demo_session_01239,4.0,0,0,3,1
demo_session_01240,2.0,1,0,3,1
demo_session_01241,1.0,1,0,0,0
demo_session_01242,4.0,2,1,5,2
demo_session_01243,1.0,1,0,1,1
demo_session_01244,3.0,0,2,2,1
demo_session_01245,5.0,2,2,7,2
demo_session_01246,2.0,0,0,0,0
demo_session_01247,5.0,5,3,7,2
demo_session_01248,5.0,2,1,1,0
demo_session_01249,5.0,0,2,2,1
demo_session_01250,5.0,3,0,2,1
demo_session_01251,4.0,0,1,1,1
demo_session_01252,5.0,2,0,1,0
demo_session_01253,2.0,2,1,6,3
demo_session_01254,5.0,1,0,0,0
demo_session_01255,5.0,0,0,0,0
demo_session_01256,3.0,0,1,0,0
demo_session_01257,3.0,2,0,1,1
demo_session_01258,4.0,3,0,4,0
demo_session_01259,4.0,3,2,3,0
demo_session_01260,2.0,0,0,2,0
demo_session_01261,5.0,2,0,0,0
demo_session_01262,5.0,0,0,0,0
demo_session_01263,5.0,1,1,2,1
demo_session_01264,2.0,0,0,0,0
demo_session_01265,4.0,2,1,4,1
demo_session_01266,5.0,3,0,2,0
demo_session_01267,4.0,0,0,0,0
demo_session_01268,2.0,0,0,4,1
demo_session_01269,5.0,3,1,1,1
demo_session_01270,5.0,0,0,0,0
demo_session_01271,5.0,0,0,1,1
demo_session_01272,4.0,1,1,5,2
demo_session_01273,5.0,2,0,3,2
demo_session_01274,4.0,1,0,6,2
demo_session_01275,5.0,2,0,2,1
demo_session_01276,4.0,1,0,0,0
demo_session_01277,4.0,1,0,3,1
demo_session_01278,3.0,2,1,4,2
demo_session_01279,2.0,0,1,1,1
demo_session_01280,5.0,1,0,3,1
demo_session_01281,5.0,1,1,1,0
demo_session_01282,5.0,2,1,2,0
demo_session_01283,4.0,1,1,0,0
demo_session_01284,5.0,0,1,1,0
demo_session_01285,3.0,0,0,1,0
demo_session_01286,4.0,3,0,1,0
demo_session_01287,4.0,1,0,0,0
demo_session_01288,4.0,1,1,3,1
demo_session_01289,5.0,1,0,0,0
demo_session_01290,4.0,0,0,0,0
demo_session_01291,5.0,2,2,2,0
demo_session_01292,5.0,2,0,3,2
demo_session_01293,5.0,2,0,1,0
demo_session_01294,4.0,0,1,2,1
demo_session_01295,4.0,1,3,3,1
demo_session_01296,4.0,0,1,1,0
demo_session_01297,2.0,4,0,2,0
demo_session_01298,5.0,0,0,2,1
demo_session_01299,5.0,1,0,3,0
demo_session_01300,4.0,0,0,0,0
demo_session_01301,5.0,0,2,1,1
demo_session_01302,4.0,0,0,1,0
demo_session_01303,4.0,3,0,3,1
demo_session_01304,5.0,1,0,2,0
demo_session_01305,5.0,2,0,1,0
demo_session_01306,4.0,0,1,0,0
demo_session_01307,5.0,4,2,6,1
demo_session_01308,3.0,1,1,3,2
demo_session_01309,5.0,3,0,3,0
demo_session_01310,2.0,0,0,1,0
demo_session_01311,5.0,2,0,2,0
demo_session_01312,4.0,1,0,1,1
demo_session_01313,5.0,2,0,2,1
demo_session_01314,5.0,4,0,1,0
demo_session_01315,4.0,2,1,4,1
demo_session_01316,2.0,1,0,2,1
demo_session_01317,4.0,1,1,2,0
demo_session_01318,3.0,0,0,1,1
demo_session_01319,5.0,2,1,4,2
demo_session_01320,3.0,0,0,0,0
demo_session_01321,5.0,2,0,1,0
demo_session_01322,4.0,1,0,0,0
demo_session_01323,5.0,2,1,4,0
demo_session_01324,4.0,2,1,2,1
demo_session_01325,5.0,2,1,2,0
demo_session_01326,5.0,0,0,0,0
demo_session_01327,5.0,1,2,1,0
demo_session_01328,5.0,2,0,2,0
demo_session_01329,4.0,0,1,3,0
demo_session_01330,4.0,1,0,1,1
demo_session_01331,5.0,0,1,1,0
demo_session_01332,5.0,3,0,2,1
demo_session_01333,5.0,5,1,5,2
demo_session_01334,4.0,2,0,3,1
demo_session_01335,2.0,1,1,1,0
demo_session_01336,4.0,1,0,2,2
demo_session_01337,2.0,0,1,2,0
demo_session_01338,4.0,0,0,0,0
demo_session_01339,5.0,2,1,4,2
demo_session_01340,5.0,2,0,0,0
demo_session_01341,4.0,0,1,0,0
demo_session_01342,5.0,2,1,1,1
demo_session_01343,5.0,2,0,0,0
demo_session_01344,3.0,2,1,2,1
demo_session_01345,3.0,1,3,2,0
demo_session_01346,1.0,2,0,2,0
demo_session_01347,5.0,0,1,1,0
demo_session_01348,1.0,2,2,3,2
demo_session_01349,4.0,0,0,1,1
demo_session_01350,4.0,1,1,3,1
demo_session_01351,4.0,2,0,0,0
demo_session_01352,4.0,1,1,2,0
demo_session_01353,4.0,2,0,2,1
demo_session_01354,4.0,1,0,2,1
demo_session_01355,5.0,4,1,3,3
demo_session_01356,5.0,1,1,4,2
demo_session_01357,5.0,1,2,2,1
demo_session_01358,4.0,2,0,0,0
demo_session_01359,5.0,4,0,3,1
demo_session_01360,4.0,1,0,0,0
demo_session_01361,5.0,2,0,4,2
demo_session_01362,2.0,0,0,0,0
demo_session_01363,5.0,0,1,1,0
demo_session_01364,4.0,1,1,2,1
demo_session_01365,3.0,1,1,1,0
demo_session_01366,5.0,0,1,1,0
demo_session_01367,5.0,2,1,1,1
demo_session_01368,3.0,1,0,3,1
demo_session_01369,3.0,3,1,6,3
demo_session_01370,5.0,4,1,4,1
demo_session_01371,3.0,2,0,0,0
demo_session_01372,5.0,2,1,2,1
demo_session_01373,4.0,1,0,1,1
demo_session_01374,5.0,1,0,1,1
demo_session_01375,4.0,1,2,2,1
demo_session_01376,5.0,2,0,6,4
demo_session_01377,5.0,2,0,1,0
demo_session_01378,5.0,2,1,3,2
demo_session_01379,5.0,0,1,0,0
demo_session_01380,5.0,1,1,0,0
demo_session_01381,5.0,2,0,3,1
demo_session_01382,5.0,0,0,1,0
demo_session_01383,5.0,1,0,1,0
demo_session_01384,3.0,0,0,2,1
demo_session_01385,5.0,0,0,0,0
demo_session_01386,5.0,1,1,2,0
demo_session_01387,5.0,1,0,2,0
demo_session_01388,4.0,1,0,1,0
demo_session_01389,1.0,0,0,1,1
demo_session_01390,5.0,3,1,2,1
demo_session_01391,4.0,0,0,1,0
demo_session_01392,2.0,1,0,1,1
demo_session_01393,5.0,3,2,6,2
demo_session_01394,2.0,0,1,3,2
demo_session_01395,4.0,2,1,5,2
demo_session_01396,5.0,0,1,2,0
demo_session_01397,5.0,2,0,3,0
demo_session_01398,2.0,0,0,0,0
demo_session_01399,3.0,3,0,3,2
demo_session_01400,5.0,2,0,1,1
demo_session_01401,4.0,0,0,1,1
demo_session_01402,5.0,1,2,2,0
demo_session_01403,4.0,0,0,1,1
demo_session_01404,5.0,0,1,0,0
demo_session_01405,4.0,1,0,2,1
demo_session_01406,3.0,1,1,2,1
demo_session_01407,2.0,1,0,3,0
demo_session_01408,2.0,1,1,0,0
demo_session_01409,5.0,1,0,2,1
demo_session_01410,3.0,2,2,2,2
demo_session_01411,3.0,0,1,4,1
demo_session_01412,4.0,1,0,2,1
demo_session_01413,5.0,1,0,1,0
demo_session_01414,4.0,2,0,0,0
demo_session_01415,4.0,1,0,2,0
demo_session_01416,5.0,0,1,0,0
demo_session_01417,4.0,2,1,4,1
demo_session_01418,4.0,1,1,3,2
demo_session_01419,5.0,1,0,0,0
demo_session_01420,5.0,1,1,2,0
demo_session_01421,5.0,0,0,1,0
demo_session_01422,1.0,0,0,1,1
demo_session_01423,4.0,2,1,1,0
demo_session_01424,4.0,1,0,0,0
demo_session_01425,3.0,3,1,1,1
demo_session_01426,5.0,0,0,0,0
demo_session_01427,3.0,1,2,2,1
demo_session_01428,3.0,0,0,0,0
demo_session_01429,4.0,2,0,0,0
demo_session_01430,5.0,2,1,1,0
demo_session_01431,5.0,3,0,1,1
demo_session_01432,2.0,0,0,1,0
demo_session_01433,5.0,1,1,1,0
demo_session_01434,5.0,0,1,1,0
demo_session_01435,5.0,2,0,6,4
demo_session_01436,4.0,0,0,2,0
demo_session_01437,5.0,0,0,0,0
demo_session_01438,4.0,1,0,3,3
demo_session_01439,1.0,0,0,1,1
demo_session_01440,4.0,1,0,1,0
demo_session_01441,5.0,0,0,0,0
demo_session_01442,3.0,0,0,0,0
demo_session_01443,4.0,1,0,0,0
demo_session_01444,4.0,1,0,0,0
demo_session_01445,4.0,0,0,1,0
demo_session_01446,5.0,0,2,2,0
demo_session_01447,3.0,0,0,3,1
demo_session_01448,3.0,0,2,2,0
demo_session_01449,5.0,2,0,0,0
demo_session_01450,5.0,2,2,3,1
demo_session_01451,4.0,0,1,2,0
demo_session_01452,5.0,1,1,1,1
demo_session_01453,3.0,1,0,2,0
demo_session_01454,1.0,1,1,3,1
demo_session_01455,5.0,5,0,3,1
demo_session_01456,5.0,0,0,1,0
demo_session_01457,5.0,0,0,0,0
demo_session_01458,5.0,1,0,1,0
demo_session_01459,4.0,1,0,4,2
demo_session_01460,5.0,2,0,3,1
demo_session_01461,3.0,2,0,1,0
demo_session_01462,1.0,0,0,3,2
demo_session_01463,5.0,1,1,0,0
demo_session_01464,3.0,2,1,3,0
demo_session_01465,5.0,3,0,2,1
demo_session_01466,1.0,1,2,1,0
demo_session_01467,5.0,2,1,4,2
demo_session_01468,4.0,1,0,2,2
demo_session_01469,2.0,0,0,1,1
demo_session_01470,5.0,0,0,1,0
demo_session_01471,5.0,0,0,0,0
demo_session_01472,5.0,1,1,2,1
demo_session_01473,4.0,1,1,4,2
demo_session_01474,4.0,0,1,2,1
demo_session_01475,5.0,0,0,1,0
demo_session_01476,3.0,2,0,1,0
demo_session_01477,5.0,0,1,4,0
demo_session_01478,4.0,0,1,2,1
demo_session_01479,5.0,4,0,3,0
demo_session_01480,4.0,0,2,3,1
demo_session_01481,5.0,2,1,2,0
demo_session_01482,3.0,1,1,0,0
demo_session_01483,4.0,2,0,1,0
demo_session_01484,4.0,0,0,0,0
demo_session_01485,4.0,1,0,3,0
demo_session_01486,4.0,0,1,1,1
demo_session_01487,5.0,4,0,4,1
demo_session_01488,3.0,1,0,0,0
demo_session_01489,5.0,2,0,2,1
demo_session_01490,5.0,1,1,1,1
demo_session_01491,4.0,1,2,1,0
demo_session_01492,5.0,1,1,2,0
demo_session_01493,4.0,1,0,1,0
demo_session_01494,4.0,5,0,6,1
demo_session_01495,4.0,5,0,3,1
demo_session_01496,5.0,2,0,0,0
demo_session_01497,4.0,6,0,4,1
demo_session_01498,5.0,1,1,1,1
demo_session_01499,3.0,1,1,1,0
demo_session_01500,5.0,1,1,6,1
demo_session_01501,3.0,0,0,1,0
demo_session_01502,3.0,2,0,3,0
demo_session_01503,5.0,1,2,0,0
demo_session_01504,4.0,0,1,0,0
demo_session_01505,4.0,0,0,0,0
demo_session_01506,3.0,4,0,3,1
demo_session_01507,4.0,2,1,5,3
demo_session_01508,5.0,0,0,2,1
demo_session_01509,3.0,0,0,0,0
demo_session_01510,5.0,1,0,2,1
demo_session_01511,5.0,1,1,3,1
demo_session_01512,5.0,1,0,2,1
demo_session_01513,5.0,0,0,1,0
demo_session_01514,5.0,1,2,4,2
demo_session_01515,4.0,2,0,1,0
demo_session_01516,4.0,1,1,1,0
demo_session_01517,4.0,0,0,1,0
demo_session_01518,5.0,0,1,1,0
demo_session_01519,4.0,1,0,0,0
demo_session_01520,4.0,1,0,1,0
demo_session_01521,5.0,1,1,3,0
demo_session_01522,5.0,3,0,3,1
demo_session_01523,5.0,4,2,7,2
demo_session_01524,5.0,1,0,3,1
demo_session_01525,5.0,0,0,0,0
demo_session_01526,4.0,2,1,1,0
demo_session_01527,5.0,2,0,0,0
demo_session_01528,5.0,1,0,1,0
demo_session_01529,4.0,0,1,2,1
demo_session_01530,5.0,0,0,1,0
demo_session_01531,5.0,1,1,0,0
demo_session_01532,1.0,0,0,1,0
demo_session_01533,4.0,0,0,0,0
demo_session_01534,5.0,2,0,3,1
demo_session_01535,5.0,2,1,2,0
demo_session_01536,4.0,2,1,2,0
demo_session_01537,5.0,0,0,2,1
demo_session_01538,4.0,1,0,5,1
demo_session_01539,5.0,1,0,1,1
demo_session_01540,3.0,0,0,0,0
demo_session_01541,5.0,1,0,3,2
demo_session_01542,5.0,4,1,2,0
demo_session_01543,5.0,0,1,0,0
demo_session_01544,5.0,2,0,4,1
demo_session_01545,4.0,2,1,2,2
demo_session_01546,5.0,1,0,2,1
demo_session_01547,5.0,0,0,1,1
demo_session_01548,5.0,3,0,1,1
demo_session_01549,3.0,0,1,3,0
demo_session_01550,3.0,2,1,6,1
demo_session_01551,4.0,0,0,1,0
demo_session_01552,3.0,0,0,1,1
demo_session_01553,5.0,3,0,1,0
demo_session_01554,4.0,1,2,4,2
demo_session_01555,4.0,0,0,1,0
demo_session_01556,4.0,0,1,3,2
demo_session_01557,3.0,1,0,2,1
demo_session_01558,4.0,2,0,0,0
demo_session_01559,4.0,1,0,2,0
demo_session_01560,5.0,0,0,0,0
demo_session_01561,5.0,1,0,1,0
demo_session_01562,3.0,0,1,3,1
demo_session_01563,5.0,2,2,2,1
demo_session_01564,2.0,0,0,0,0
demo_session_01565,5.0,1,0,0,0
demo_session_01566,4.0,2,1,1,1
demo_session_01567,4.0,0,1,0,0
demo_session_01568,5.0,1,1,0,0
demo_session_01569,4.0,1,0,1,0
demo_session_01570,1.0,0,1,2,1
demo_session_01571,4.0,2,0,0,0
demo_session_01572,5.0,3,1,0,0
demo_session_01573,4.0,1,1,2,1
demo_session_01574,5.0,0,0,0,0
demo_session_01575,3.0,1,1,1,0
demo_session_01576,5.0,0,0,1,1
demo_session_01577,5.0,1,1,4,1
demo_session_01578,3.0,0,1,2,1
demo_session_01579,5.0,0,0,0,0
demo_session_01580,4.0,0,1,2,0
demo_session_01581,5.0,2,0,4,2
demo_session_01582,5.0,3,0,1,0
demo_session_01583,5.0,1,0,3,1
demo_session_01584,5.0,0,1,2,0
demo_session_01585,2.0,1,0,0,0
demo_session_01586,5.0,1,2,2,1
demo_session_01587,3.0,0,1,2,0
demo_session_01588,5.0,3,1,2,0
demo_session_01589,5.0,3,0,0,0
demo_session_01590,5.0,2,0,7,2
demo_session_01591,5.0,4,1,4,1
demo_session_01592,5.0,2,0,2,1
demo_session_01593,2.0,0,1,2,1
demo_session_01594,5.0,2,1,3,1
demo_session_01595,5.0,2,0,2,1
demo_session_01596,5.0,2,0,2,1
demo_session_01597,2.0,0,0,0,0
demo_session_01598,3.0,0,0,0,0
demo_session_01599,3.0,0,0,0,0
demo_session_01600,2.0,2,1,5,1
demo_session_01601,1.0,0,0,2,1
demo_session_01602,5.0,0,1,4,3
demo_session_01603,3.0,0,1,0,0
demo_session_01604,4.0,1,0,2,1
demo_session_01605,5.0,0,2,2,2
demo_session_01606,4.0,7,1,7,1
demo_session_01607,4.0,3,0,2,1
demo_session_01608,4.0,1,0,1,1
demo_session_01609,4.0,1,0,1,1
demo_session_01610,1.0,1,1,1,1
demo_session_01611,4.0,1,2,1,0
demo_session_01612,5.0,2,1,3,2
demo_session_01613,5.0,1,2,1,0
demo_session_01614,5.0,2,1,3,1
demo_session_01615,4.0,1,0,1,0
demo_session_01616,4.0,1,0,1,0
demo_session_01617,4.0,0,0,0,0
demo_session_01618,4.0,0,0,1,1
demo_session_01619,4.0,0,0,1,0
demo_session_01620,4.0,0,1,1,0
demo_session_01621,5.0,3,3,1,0
demo_session_01622,4.0,1,0,0,0
demo_session_01623,5.0,0,1,1,0
demo_session_01624,5.0,0,0,0,0
demo_session_01625,2.0,1,0,1,1
demo_session_01626,1.0,0,0,0,0
demo_session_01627,5.0,2,1,4,3
demo_session_01628,4.0,1,1,2,1
demo_session_01629,4.0,2,0,3,1
demo_session_01630,1.0,0,0,3,0
demo_session_01631,5.0,0,0,1,0
demo_session_01632,4.0,1,1,1,0
demo_session_01633,4.0,1,0,1,1
demo_session_01634,5.0,1,0,5,0
demo_session_01635,4.0,2,2,4,1
demo_session_01636,5.0,3,1,7,3
demo_session_01637,5.0,2,0,1,0
demo_session_01638,5.0,2,0,3,1
demo_session_01639,5.0,1,0,1,0
demo_session_01640,4.0,1,0,2,0
demo_session_01641,5.0,2,0,6,2
demo_session_01642,5.0,0,0,2,0
demo_session_01643,3.0,1,0,3,1
demo_session_01644,5.0,1,0,2,0
demo_session_01645,3.0,0,0,1,0
demo_session_01646,3.0,2,0,2,2
demo_session_01647,5.0,1,2,1,0
demo_session_01648,5.0,1,0,3,0
demo_session_01649,4.0,1,0,2,2
demo_session_01650,5.0,0,0,2,0
demo_session_01651,5.0,1,0,2,1
demo_session_01652,2.0,2,0,1,0
demo_session_01653,5.0,1,2,2,1
demo_session_01654,4.0,0,1,1,0
demo_session_01655,1.0,0,2,2,0
demo_session_01656,2.0,1,2,5,4
demo_session_01657,5.0,3,0,3,1
demo_session_01658,3.0,2,0,5,1
demo_session_01659,4.0,0,0,0,0
demo_session_01660,4.0,0,0,1,0
demo_session_01661,4.0,0,0,0,0
demo_session_01662,4.0,1,0,1,0
demo_session_01663,5.0,0,0,1,0
demo_session_01664,5.0,4,1,1,0
demo_session_01665,2.0,0,0,0,0
demo_session_01666,4.0,1,0,2,1
demo_session_01667,4.0,0,0,1,1
demo_session_01668,4.0,6,1,6,3
demo_session_01669,4.0,1,0,0,0
demo_session_01670,5.0,1,0,0,0
demo_session_01671,3.0,1,0,0,0
demo_session_01672,2.0,1,2,2,2
demo_session_01673,2.0,1,0,0,0
demo_session_01674,4.0,0,2,0,0
demo_session_01675,5.0,1,0,1,0
demo_session_01676,5.0,0,0,1,0
demo_session_01677,5.0,0,0,1,0
demo_session_01678,4.0,3,0,2,0
demo_session_01679,5.0,3,1,3,0
demo_session_01680,4.0,0,0,0,0
demo_session_01681,3.0,0,1,2,1
demo_session_01682,5.0,4,3,3,1
demo_session_01683,5.0,1,0,3,1
demo_session_01684,5.0,0,0,3,1
demo_session_01685,5.0,1,1,1,0
demo_session_01686,5.0,5,0,5,2
demo_session_01687,5.0,3,1,2,0
demo_session_01688,1.0,0,0,0,0
demo_session_01689,5.0,0,0,1,1
demo_session_01690,5.0,3,0,2,1
demo_session_01691,4.0,1,1,2,0
demo_session_01692,4.0,0,0,1,1
demo_session_01693,4.0,0,0,0,0
demo_session_01694,3.0,1,1,4,3
demo_session_01695,2.0,0,0,1,1
demo_session_01696,3.0,2,1,6,2
demo_session_01697,5.0,0,1,2,0
demo_session_01698,5.0,3,0,1,1
demo_session_01699,4.0,3,0,3,2
demo_session_01700,4.0,1,1,1,1
demo_session_01701,5.0,2,0,1,0
demo_session_01702,5.0,1,0,0,0
demo_session_01703,4.0,3,0,0,0
demo_session_01704,3.0,2,2,6,3
demo_session_01705,5.0,1,0,1,0
demo_session_01706,5.0,1,0,5,0
demo_session_01707,4.0,0,1,2,0
demo_session_01708,4.0,4,0,4,0
demo_session_01709,4.0,1,2,3,1
demo_session_01710,5.0,3,0,4,1
demo_session_01711,4.0,3,1,1,1
demo_session_01712,4.0,0,0,1,0
demo_session_01713,5.0,1,0,2,0
demo_session_01714,2.0,2,0,0,0
demo_session_01715,5.0,1,0,3,1
demo_session_01716,4.0,1,0,2,0
demo_session_01717,5.0,0,1,2,0
demo_session_01718,4.0,1,0,3,3
demo_session_01719,4.0,1,1,2,0
demo_session_01720,5.0,1,0,2,0
demo_session_01721,3.0,1,1,6,2
demo_session_01722,3.0,1,1,0,0
demo_session_01723,4.0,2,0,4,1
demo_session_01724,5.0,1,1,2,0
demo_session_01725,5.0,1,0,4,2
demo_session_01726,2.0,0,0,0,0
demo_session_01727,5.0,2,0,0,0
demo_session_01728,2.0,1,0,0,0
demo_session_01729,4.0,0,1,1,0
demo_session_01730,5.0,2,0,1,0
demo_session_01731,4.0,0,0,0,0
demo_session_01732,4.0,3,0,4,3
demo_session_01733,5.0,1,0,1,0
demo_session_01734,5.0,1,0,2,1
demo_session_01735,5.0,0,1,2,0
demo_session_01736,4.0,1,0,0,0
demo_session_01737,4.0,1,1,2,0
demo_session_01738,3.0,0,0,0,0
demo_session_01739,4.0,2,1,4,3
demo_session_01740,4.0,2,0,3,2
demo_session_01741,3.0,2,0,3,0
demo_session_01742,5.0,3,0,3,1
demo_session_01743,3.0,0,1,2,0
demo_session_01744,4.0,0,1,3,1
demo_session_01745,4.0,3,1,4,1
demo_session_01746,5.0,5,0,4,3
demo_session_01747,5.0,2,0,2,0
demo_session_01748,4.0,0,0,3,1
demo_session_01749,5.0,1,0,2,2
demo_session_01750,4.0,0,1,1,1
demo_session_01751,5.0,0,0,0,0
demo_session_01752,5.0,1,0,2,0
demo_session_01753,5.0,3,1,1,0
demo_session_01754,5.0,2,2,3,2
demo_session_01755,4.0,0,1,1,1
demo_session_01756,2.0,3,0,3,1
demo_session_01757,4.0,2,0,3,1
demo_session_01758,5.0,3,0,6,4
demo_session_01759,4.0,2,2,1,0
demo_session_01760,5.0,1,0,0,0
demo_session_01761,4.0,1,0,3,0
demo_session_01762,3.0,2,0,4,1
demo_session_01763,4.0,0,1,1,1
demo_session_01764,5.0,0,1,1,0
demo_session_01765,5.0,3,1,2,0
demo_session_01766,4.0,1,0,2,1
demo_session_01767,3.0,1,1,0,0
demo_session_01768,4.0,0,0,1,0
demo_session_01769,5.0,1,1,1,1
demo_session_01770,4.0,2,0,2,0
demo_session_01771,5.0,0,0,5,2
demo_session_01772,2.0,3,0,3,1
demo_session_01773,5.0,1,1,0,0
demo_session_01774,5.0,2,0,1,0
demo_session_01775,3.0,2,0,1,0
demo_session_01776,5.0,2,0,1,0
demo_session_01777,5.0,2,0,1,1
demo_session_01778,4.0,2,1,1,1
demo_session_01779,3.0,0,1,1,0
demo_session_01780,5.0,3,1,5,2
demo_session_01781,5.0,1,0,1,1
demo_session_01782,5.0,0,1,1,0
demo_session_01783,2.0,0,0,3,2
demo_session_01784,5.0,3,2,4,0
demo_session_01785,5.0,1,1,1,0
demo_session_01786,5.0,2,1,2,1
demo_session_01787,2.0,2,0,2,0
demo_session_01788,3.0,1,0,1,1
demo_session_01789,2.0,0,2,3,1
demo_session_01790,2.0,0,0,0,0
demo_session_01791,5.0,3,0,0,0
demo_session_01792,5.0,3,0,6,3
demo_session_01793,3.0,3,1,5,2
demo_session_01794,3.0,1,2,2,1
demo_session_01795,5.0,2,0,1,1
demo_session_01796,3.0,3,3,3,1
demo_session_01797,5.0,0,0,0,0
demo_session_01798,4.0,0,1,0,0
demo_session_01799,4.0,0,1,1,1
demo_session_01800,5.0,1,0,3,1
demo_session_01801,4.0,3,0,2,0
demo_session_01802,4.0,3,0,1,0
demo_session_01803,5.0,1,1,3,1
demo_session_01804,4.0,2,0,2,0
demo_session_01805,2.0,1,2,1,0
demo_session_01806,3.0,2,1,1,0
demo_session_01807,2.0,1,2,3,0
demo_session_01808,5.0,2,0,3,2
demo_session_01809,5.0,1,0,0,0
demo_session_01810,5.0,2,1,3,2
demo_session_01811,4.0,1,0,0,0
demo_session_01812,4.0,1,1,2,0
demo_session_01813,4.0,3,1,6,4
demo_session_01814,4.0,1,0,1,1
demo_session_01815,4.0,1,0,0,0
demo_session_01816,5.0,4,1,4,2
demo_session_01817,5.0,0,0,0,0
demo_session_01818,4.0,3,1,5,0
demo_session_01819,5.0,1,0,0,0
demo_session_01820,4.0,1,1,1,0
demo_session_01821,4.0,0,1,0,0
demo_session_01822,4.0,0,0,0,0
demo_session_01823,4.0,2,0,4,1
demo_session_01824,5.0,2,0,2,1
demo_session_01825,5.0,0,0,0,0
demo_session_01826,3.0,1,1,2,1
demo_session_01827,5.0,1,1,0,0
demo_session_01828,5.0,1,0,2,1
demo_session_01829,5.0,1,1,3,2
demo_session_01830,5.0,3,1,4,3
demo_session_01831,1.0,1,1,1,0
demo_session_01832,1.0,1,0,0,0
demo_session_01833,5.0,0,1,0,0
demo_session_01834,3.0,1,1,3,2
demo_session_01835,2.0,2,0,1,1
demo_session_01836,4.0,1,2,3,1
demo_session_01837,5.0,1,1,1,1
demo_session_01838,5.0,0,0,0,0
demo_session_01839,5.0,1,1,4,0
demo_session_01840,5.0,2,0,3,0
demo_session_01841,3.0,1,2,2,2
demo_session_01842,4.0,0,1,0,0
demo_session_01843,5.0,1,0,0,0
demo_session_01844,4.0,1,0,2,1
demo_session_01845,4.0,1,1,1,0
demo_session_01846,5.0,0,0,0,0
demo_session_01847,5.0,4,1,1,1
demo_session_01848,5.0,2,0,3,1
demo_session_01849,4.0,1,0,0,0
demo_session_01850,5.0,1,1,1,0
demo_session_01851,4.0,0,1,3,0
demo_session_01852,3.0,2,0,2,1
demo_session_01853,5.0,3,1,3,0
demo_session_01854,4.0,1,0,1,0
demo_session_01855,5.0,3,0,4,2
demo_session_01856,5.0,1,0,1,0
demo_session_01857,4.0,2,0,1,0
demo_session_01858,5.0,2,1,4,0
demo_session_01859,5.0,0,1,1,0
demo_session_01860,4.0,1,1,1,0
demo_session_01861,4.0,1,1,3,1
demo_session_01862,5.0,3,1,2,0
demo_session_01863,5.0,1,1,2,0
demo_session_01864,5.0,2,1,5,0
demo_session_01865,4.0,3,2,6,1
demo_session_01866,1.0,0,0,4,1
demo_session_01867,2.0,1,0,4,0
demo_session_01868,5.0,2,1,3,0
demo_session_01869,5.0,1,0,0,0
demo_session_01870,3.0,5,0,4,0
demo_session_01871,5.0,3,0,6,3
demo_session_01872,4.0,0,0,2,1
demo_session_01873,5.0,2,0,2,1
demo_session_01874,4.0,0,0,0,0
demo_session_01875,5.0,1,1,3,1
demo_session_01876,5.0,1,0,1,0
demo_session_01877,5.0,0,0,0,0
demo_session_01878,4.0,0,0,0,0
demo_session_01879,4.0,2,0,2,0
demo_session_01880,4.0,0,0,0,0
demo_session_01881,1.0,1,0,1,0
demo_session_01882,4.0,1,1,0,0
demo_session_01883,5.0,2,0,4,1
demo_session_01884,4.0,0,0,2,0
demo_session_01885,3.0,0,0,0,0
demo_session_01886,1.0,0,0,0,0
demo_session_01887,4.0,0,0,0,0
demo_session_01888,2.0,0,0,0,0
demo_session_01889,5.0,1,0,1,0
demo_session_01890,5.0,1,1,3,2
demo_session_01891,5.0,5,0,2,1
demo_session_01892,4.0,2,0,1,0
demo_session_01893,5.0,1,0,1,1
demo_session_01894,5.0,0,1,1,0
demo_session_01895,4.0,1,0,1,0
demo_session_01896,5.0,2,1,1,0
demo_session_01897,3.0,2,0,3,2
demo_session_01898,4.0,1,2,6,1
demo_session_01899,5.0,2,1,1,1
demo_session_01900,4.0,2,1,3,1
demo_session_01901,5.0,0,1,1,0
demo_session_01902,4.0,1,0,2,0
demo_session_01903,4.0,0,0,0,0
demo_session_01904,4.0,1,1,0,0
demo_session_01905,5.0,1,2,2,0
demo_session_01906,5.0,1,1,3,1
demo_session_01907,4.0,2,1,4,1
demo_session_01908,4.0,2,0,1,0
demo_session_01909,5.0,3,0,5,0
demo_session_01910,5.0,1,2,2,1
demo_session_01911,5.0,1,0,1,1
demo_session_01912,4.0,0,0,4,1
demo_session_01913,5.0,2,2,4,1
demo_session_01914,5.0,1,1,1,0
demo_session_01915,4.0,1,1,3,1
demo_session_01916,5.0,0,2,3,0
demo_session_01917,3.0,2,0,1,1
demo_session_01918,5.0,0,0,1,0
demo_session_01919,5.0,2,1,5,0
demo_session_01920,5.0,1,1,2,0
demo_session_01921,4.0,0,0,0,0
demo_session_01922,5.0,3,2,5,1
demo_session_01923,5.0,1,0,2,1
demo_session_01924,5.0,0,0,1,1
demo_session_01925,2.0,1,0,0,0
demo_session_01926,3.0,1,0,1,0
demo_session_01927,4.0,2,0,4,1
demo_session_01928,4.0,0,0,0,0
demo_session_01929,4.0,0,1,1,0
demo_session_01930,5.0,0,1,1,0
demo_session_01931,5.0,0,0,1,1
demo_session_01932,4.0,1,0,0,0
demo_session_01933,5.0,0,1,2,1
demo_session_01934,5.0,0,1,2,1
demo_session_01935,3.0,0,1,1,1
demo_session_01936,4.0,0,0,0,0
demo_session_01937,5.0,1,1,1,1
demo_session_01938,3.0,1,1,1,0
demo_session_01939,5.0,2,2,3,1
demo_session_01940,4.0,0,2,0,0
demo_session_01941,5.0,2,0,2,1
demo_session_01942,5.0,1,0,1,0
demo_session_01943,5.0,1,1,1,0
demo_session_01944,5.0,0,1,5,3
demo_session_01945,5.0,0,1,0,0
demo_session_01946,5.0,0,1,0,0
demo_session_01947,5.0,4,0,5,2
demo_session_01948,3.0,0,0,0,0
demo_session_01949,4.0,0,1,2,0
demo_session_01950,5.0,3,1,2,0
demo_session_01951,4.0,1,0,1,0
demo_session_01952,5.0,3,1,2,0
demo_session_01953,4.0,0,0,1,0
demo_session_01954,5.0,1,0,3,1
demo_session_01955,5.0,2,2,4,1
demo_session_01956,5.0,1,1,0,0
demo_session_01957,2.0,1,1,1,0
demo_session_01958,4.0,2,1,2,1
demo_session_01959,5.0,0,1,1,0
demo_session_01960,4.0,0,3,4,1
demo_session_01961,5.0,1,1,3,1
demo_session_01962,3.0,0,1,2,0
demo_session_01963,3.0,0,1,1,1
demo_session_01964,4.0,0,0,0,0
demo_session_01965,5.0,1,0,1,0
demo_session_01966,3.0,1,0,1,0
demo_session_01967,5.0,0,0,1,0
demo_session_01968,4.0,1,2,5,0
demo_session_01969,4.0,1,1,0,0
demo_session_01970,5.0,0,0,0,0
demo_session_01971,3.0,0,0,0,0
demo_session_01972,5.0,1,0,2,0
demo_session_01973,5.0,1,1,2,2
demo_session_01974,5.0,2,1,0,0
demo_session_01975,2.0,1,0,2,1
demo_session_01976,4.0,2,1,0,0
demo_session_01977,5.0,0,1,2,1
demo_session_01978,5.0,0,0,2,1
demo_session_01979,4.0,0,0,0,0
demo_session_01980,4.0,1,0,2,2
demo_session_01981,3.0,0,0,3,2
demo_session_01982,4.0,3,0,2,0
demo_session_01983,4.0,2,0,2,0
demo_session_01984,4.0,0,1,2,0
demo_session_01985,5.0,2,0,1,0
demo_session_01986,5.0,4,1,5,2
demo_session_01987,4.0,0,1,1,0
demo_session_01988,4.0,3,0,5,3
demo_session_01989,2.0,2,0,3,0
demo_session_01990,4.0,1,0,1,1
demo_session_01991,5.0,2,1,3,1
demo_session_01992,1.0,0,0,2,0
demo_session_01993,4.0,1,1,3,2
demo_session_01994,5.0,1,0,2,1
demo_session_01995,4.0,1,2,3,2
demo_session_01996,5.0,2,0,3,2
demo_session_01997,3.0,0,0,2,0
demo_session_01998,5.0,2,0,0,0
demo_session_01999,5.0,1,1,7,2
demo_session_02000,5.0,0,1,2,0
demo_session_02001,4.0,2,0,5,0
demo_session_02002,5.0,2,0,0,0
demo_session_02003,4.0,0,0,2,2
demo_session_02004,5.0,3,0,4,2
demo_session_02005,4.0,2,3,3,1
demo_session_02006,4.0,0,3,2,1
demo_session_02007,3.0,1,0,0,0
demo_session_02008,5.0,1,1,1,1
demo_session_02009,4.0,0,0,0,0
demo_session_02010,3.0,2,0,3,0
demo_session_02011,5.0,1,0,0,0
demo_session_02012,4.0,1,0,0,0
demo_session_02013,4.0,0,1,2,0
demo_session_02014,5.0,0,0,2,1
demo_session_02015,2.0,1,0,1,1
demo_session_02016,5.0,0,1,2,0
demo_session_02017,4.0,1,0,1,0
demo_session_02018,5.0,0,0,0,0
demo_session_02019,4.0,0,0,2,0
demo_session_02020,3.0,1,1,2,1
demo_session_02021,5.0,2,1,1,0
demo_session_02022,5.0,3,2,2,0
demo_session_02023,2.0,2,0,2,1
demo_session_02024,5.0,0,0,1,0
demo_session_02025,5.0,1,2,6,3
demo_session_02026,5.0,6,0,1,0
demo_session_02027,2.0,0,2,1,0
demo_session_02028,5.0,1,0,2,0
demo_session_02029,5.0,1,0,4,1
demo_session_02030,5.0,0,1,1,1
demo_session_02031,5.0,1,1,2,1
demo_session_02032,5.0,0,1,0,0
demo_session_02033,2.0,0,1,0,0
demo_session_02034,3.0,1,1,3,1
demo_session_02035,3.0,1,2,3,3
demo_session_02036,2.0,0,0,0,0
demo_session_02037,5.0,1,1,5,3
demo_session_02038,5.0,2,0,3,0
demo_session_02039,1.0,2,2,2,0
demo_session_02040,4.0,0,1,0,0
demo_session_02041,5.0,0,3,2,1
demo_session_02042,5.0,1,2,1,0
demo_session_02043,3.0,2,0,3,3
demo_session_02044,5.0,1,1,4,2
demo_session_02045,5.0,0,1,0,0
demo_session_02046,5.0,2,1,3,0
demo_session_02047,5.0,0,2,0,0
demo_session_02048,4.0,1,1,0,0
demo_session_02049,5.0,4,2,4,1
demo_session_02050,3.0,0,0,0,0
demo_session_02051,5.0,4,0,4,1
demo_session_02052,1.0,1,0,0,0
demo_session_02053,2.0,1,1,3,1
demo_session_02054,5.0,1,3,3,0
demo_session_02055,5.0,1,0,3,2
demo_session_02056,4.0,3,1,4,2
demo_session_02057,3.0,0,1,2,2
demo_session_02058,4.0,1,0,1,0
demo_session_02059,5.0,1,2,2,0
demo_session_02060,4.0,0,1,3,2
demo_session_02061,5.0,4,0,3,1
demo_session_02062,3.0,1,0,1,0
demo_session_02063,4.0,4,0,4,4
demo_session_02064,2.0,0,0,1,1
demo_session_02065,4.0,2,0,0,0
demo_session_02066,5.0,1,0,0,0
demo_session_02067,5.0,2,0,2,1
demo_session_02068,4.0,3,0,6,2
demo_session_02069,3.0,0,1,1,0
demo_session_02070,5.0,3,1,5,2
demo_session_02071,3.0,1,0,2,1
demo_session_02072,5.0,2,4,6,1
demo_session_02073,5.0,0,1,3,2
demo_session_02074,5.0,2,3,2,0
demo_session_02075,4.0,0,0,0,0
demo_session_02076,5.0,1,0,3,1
demo_session_02077,4.0,0,0,0,0
demo_session_02078,4.0,4,1,6,3
demo_session_02079,3.0,1,0,3,2
demo_session_02080,4.0,2,1,0,0
demo_session_02081,5.0,0,0,2,0
demo_session_02082,5.0,1,0,1,0
demo_session_02083,5.0,1,0,2,1
demo_session_02084,3.0,3,1,8,2
demo_session_02085,5.0,1,1,0,0
demo_session_02086,4.0,1,1,4,0
demo_session_02087,5.0,0,0,1,0
demo_session_02088,2.0,0,1,0,0
demo_session_02089,5.0,0,1,1,1
demo_session_02090,4.0,0,1,1,1
demo_session_02091,3.0,1,0,3,1
demo_session_02092,1.0,0,2,2,0
demo_session_02093,4.0,1,1,0,0
demo_session_02094,3.0,3,2,6,1
demo_session_02095,5.0,2,0,1,1
demo_session_02096,4.0,0,0,1,1
demo_session_02097,4.0,0,3,2,2
demo_session_02098,5.0,2,0,4,1
demo_session_02099,5.0,2,0,1,0
demo_session_02100,2.0,0,0,1,0
demo_session_02101,5.0,2,0,1,0
demo_session_02102,5.0,1,0,2,0
demo_session_02103,3.0,1,0,1,0
demo_session_02104,5.0,1,0,1,0
demo_session_02105,5.0,3,1,4,1
demo_session_02106,5.0,1,0,0,0
demo_session_02107,4.0,1,1,3,2
demo_session_02108,3.0,4,1,5,2
demo_session_02109,5.0,1,1,2,1
demo_session_02110,5.0,1,1,1,0
demo_session_02111,4.0,0,0,0,0
demo_session_02112,5.0,1,0,2,1
demo_session_02113,4.0,1,0,5,1
demo_session_02114,5.0,2,0,4,0
demo_session_02115,4.0,0,0,0,0
demo_session_02116,4.0,0,0,1,0
demo_session_02117,4.0,0,1,1,0
demo_session_02118,3.0,0,0,0,0
demo_session_02119,4.0,2,0,1,1
demo_session_02120,2.0,0,0,0,0
demo_session_02121,5.0,1,1,0,0
demo_session_02122,3.0,0,0,1,1
demo_session_02123,4.0,1,0,0,0
demo_session_02124,4.0,1,0,1,0
demo_session_02125,5.0,1,0,0,0
demo_session_02126,4.0,2,0,1,0
demo_session_02127,1.0,2,0,0,0
demo_session_02128,5.0,2,2,4,1
demo_session_02129,4.0,1,0,3,0
demo_session_02130,5.0,0,1,3,1
demo_session_02131,4.0,1,1,3,2
demo_session_02132,4.0,3,0,1,1
demo_session_02133,4.0,0,0,3,0
demo_session_02134,4.0,0,3,1,0
demo_session_02135,4.0,5,1,6,0
demo_session_02136,5.0,2,0,3,0
demo_session_02137,3.0,0,2,0,0
demo_session_02138,4.0,0,0,3,0
demo_session_02139,3.0,2,0,3,0
demo_session_02140,5.0,2,0,1,0
demo_session_02141,5.0,1,0,0,0
demo_session_02142,5.0,0,1,0,0
demo_session_02143,5.0,1,1,4,1
demo_session_02144,4.0,0,0,1,1
demo_session_02145,5.0,1,0,3,1
demo_session_02146,5.0,0,0,0,0
demo_session_02147,4.0,1,0,2,0
demo_session_02148,5.0,0,2,3,2
demo_session_02149,1.0,0,1,0,0
demo_session_02150,5.0,4,0,3,2
demo_session_02151,4.0,1,3,5,1
demo_session_02152,5.0,2,1,2,0
demo_session_02153,5.0,3,2,1,0
demo_session_02154,5.0,1,1,4,3
demo_session_02155,5.0,0,0,0,0
demo_session_02156,5.0,1,1,4,1
demo_session_02157,4.0,1,0,2,0
demo_session_02158,4.0,2,1,3,2
demo_session_02159,5.0,1,2,3,1
demo_session_02160,3.0,0,0,0,0
demo_session_02161,5.0,2,0,6,1
demo_session_02162,5.0,3,1,4,1
demo_session_02163,5.0,1,0,3,1
demo_session_02164,4.0,1,2,2,0
demo_session_02165,4.0,2,2,3,1
demo_session_02166,5.0,0,1,0,0
demo_session_02167,5.0,2,1,2,1
demo_session_02168,5.0,0,0,1,1
demo_session_02169,5.0,3,0,4,2
demo_session_02170,2.0,1,1,3,1
demo_session_02171,2.0,1,2,4,1
demo_session_02172,4.0,2,1,3,1
demo_session_02173,4.0,1,0,0,0
demo_session_02174,3.0,1,0,1,1
demo_session_02175,3.0,0,0,0,0
demo_session_02176,3.0,1,1,4,0
demo_session_02177,4.0,3,0,4,0
demo_session_02178,5.0,3,0,1,0
demo_session_02179,3.0,1,1,0,0
demo_session_02180,4.0,1,0,1,1
demo_session_02181,4.0,0,1,1,0
demo_session_02182,4.0,1,0,2,1
demo_session_02183,5.0,0,0,0,0
demo_session_02184,4.0,1,2,1,0
demo_session_02185,5.0,2,1,5,3
demo_session_02186,5.0,0,3,4,0
demo_session_02187,5.0,3,0,4,1
demo_session_02188,3.0,3,1,6,3
demo_session_02189,4.0,3,0,1,1
demo_session_02190,4.0,2,3,3,1
demo_session_02191,5.0,0,0,0,0
demo_session_02192,5.0,3,2,7,1
demo_session_02193,2.0,1,0,0,0
demo_session_02194,3.0,1,1,2,2
demo_session_02195,4.0,2,0,5,1
demo_session_02196,4.0,1,0,2,2
demo_session_02197,5.0,0,0,1,1
demo_session_02198,5.0,1,0,1,1
demo_session_02199,4.0,0,2,4,0
demo_session_02200,4.0,2,0,0,0
demo_session_02201,4.0,0,0,0,0
demo_session_02202,2.0,0,0,1,0
demo_session_02203,4.0,1,2,6,1
demo_session_02204,5.0,2,1,2,0
demo_session_02205,5.0,1,0,3,0
demo_session_02206,4.0,2,1,3,1
demo_session_02207,4.0,3,1,3,1
demo_session_02208,3.0,1,1,1,0
demo_session_02209,3.0,0,0,0,0
demo_session_02210,4.0,2,0,2,0
demo_session_02211,5.0,2,1,1,0
demo_session_02212,3.0,0,1,0,0
demo_session_02213,4.0,0,0,0,0
demo_session_02214,2.0,3,0,0,0
demo_session_02215,3.0,1,1,2,0
demo_session_02216,3.0,1,0,0,0
demo_session_02217,5.0,3,1,3,1
demo_session_02218,5.0,1,0,3,0
demo_session_02219,5.0,0,0,1,1
demo_session_02220,3.0,1,0,1,0
demo_session_02221,4.0,2,1,3,1
demo_session_02222,5.0,0,1,1,1
demo_session_02223,5.0,1,2,2,1
demo_session_02224,3.0,0,0,1,0
demo_session_02225,3.0,0,0,1,1
demo_session_02226,5.0,1,1,2,0
demo_session_02227,5.0,1,1,2,0
demo_session_02228,4.0,3,0,2,2
demo_session_02229,3.0,1,1,3,2
demo_session_02230,4.0,1,2,0,0
demo_session_02231,5.0,1,0,3,1
demo_session_02232,5.0,3,4,3,0
demo_session_02233,4.0,3,1,2,0
demo_session_02234,3.0,0,0,1,1
demo_session_02235,5.0,1,1,3,1
demo_session_02236,4.0,0,0,1,0
demo_session_02237,2.0,0,0,4,0
demo_session_02238,5.0,3,1,4,2
demo_session_02239,4.0,2,0,6,2
demo_session_02240,3.0,0,0,1,1
demo_session_02241,4.0,0,0,0,0
demo_session_02242,4.0,2,0,3,1
demo_session_02243,1.0,0,0,0,0
demo_session_02244,5.0,1,0,1,0
demo_session_02245,5.0,1,1,2,0
demo_session_02246,4.0,0,1,1,0
demo_session_02247,4.0,1,0,1,0
demo_session_02248,3.0,0,1,2,0
demo_session_02249,2.0,1,0,1,0
demo_session_02250,4.0,2,0,0,0
demo_session_02251,5.0,1,0,2,0
demo_session_02252,4.0,0,2,3,2
demo_session_02253,5.0,2,0,6,1
demo_session_02254,5.0,2,1,3,1
demo_session_02255,2.0,1,0,1,1
demo_session_02256,5.0,0,1,0,0
demo_session_02257,2.0,2,0,2,0
demo_session_02258,5.0,1,0,2,1
demo_session_02259,5.0,3,0,3,2
demo_session_02260,4.0,3,1,5,2
demo_session_02261,4.0,0,1,3,1
demo_session_02262,5.0,0,1,2,1
demo_session_02263,5.0,2,1,4,3
demo_session_02264,4.0,1,1,3,2
demo_session_02265,5.0,0,1,2,0
demo_session_02266,3.0,1,0,5,2
demo_session_02267,4.0,1,1,0,0
demo_session_02268,5.0,0,0,2,1
demo_session_02269,5.0,1,1,2,0
demo_session_02270,1.0,0,0,0,0
demo_session_02271,4.0,1,1,3,1
demo_session_02272,4.0,3,0,4,2
demo_session_02273,5.0,3,0,2,0
demo_session_02274,5.0,1,0,2,2
demo_session_02275,5.0,1,0,2,2
demo_session_02276,3.0,0,1,1,0
demo_session_02277,1.0,0,0,1,0
demo_session_02278,4.0,1,1,2,2
demo_session_02279,2.0,3,0,1,0
demo_session_02280,3.0,2,0,1,1
demo_session_02281,3.0,0,0,2,0
demo_session_02282,5.0,2,0,2,0
demo_session_02283,4.0,1,0,0,0
demo_session_02284,5.0,3,3,3,0
demo_session_02285,5.0,1,1,2,0
demo_session_02286,5.0,2,0,3,2
demo_session_02287,4.0,0,2,2,0
demo_session_02288,5.0,2,1,5,1
demo_session_02289,4.0,2,0,4,2
demo_session_02290,5.0,1,0,1,1
demo_session_02291,5.0,0,0,0,0
demo_session_02292,2.0,1,1,1,0
demo_session_02293,4.0,3,0,3,2
demo_session_02294,3.0,0,4,1,0
demo_session_02295,4.0,3,1,3,2
demo_session_02296,5.0,1,1,1,1
demo_session_02297,5.0,1,0,1,1
demo_session_02298,3.0,1,0,0,0
demo_session_02299,4.0,0,0,0,0
demo_session_02300,5.0,3,1,6,2
demo_session_02301,4.0,1,0,0,0
demo_session_02302,3.0,3,0,4,3
demo_session_02303,2.0,1,0,1,0
demo_session_02304,5.0,1,1,1,1
demo_session_02305,3.0,3,0,6,3
demo_session_02306,5.0,1,1,0,0
demo_session_02307,5.0,0,0,0,0
demo_session_02308,3.0,0,0,1,0
demo_session_02309,3.0,3,0,4,3
demo_session_02310,3.0,1,1,1,1
demo_session_02311,4.0,0,0,2,1
demo_session_02312,5.0,2,2,2,0
demo_session_02313,4.0,4,1,1,1
demo_session_02314,4.0,2,0,1,0
demo_session_02315,4.0,1,1,3,3
demo_session_02316,4.0,0,0,1,0
demo_session_02317,5.0,2,3,3,1
demo_session_02318,5.0,3,0,1,0
demo_session_02319,5.0,0,1,2,1
demo_session_02320,5.0,3,1,3,1
demo_session_02321,5.0,3,0,6,3
demo_session_02322,1.0,2,0,1,1
demo_session_02323,2.0,1,1,1,0
demo_session_02324,2.0,0,1,3,2
demo_session_02325,3.0,3,1,0,0
demo_session_02326,4.0,1,0,3,1
demo_session_02327,4.0,2,1,3,1
demo_session_02328,5.0,1,0,1,0
demo_session_02329,5.0,3,1,1,0
demo_session_02330,1.0,2,0,2,0
demo_session_02331,3.0,0,0,2,1
demo_session_02332,5.0,0,0,0,0
demo_session_02333,4.0,1,0,1,0
demo_session_02334,5.0,3,1,3,1
demo_session_02335,4.0,1,1,1,1
demo_session_02336,4.0,0,1,1,0
demo_session_02337,3.0,2,1,1,1
demo_session_02338,4.0,6,1,7,4
demo_session_02339,5.0,2,1,2,1
demo_session_02340,4.0,0,1,3,1
demo_session_02341,5.0,1,0,1,0
demo_session_02342,5.0,0,1,0,0
demo_session_02343,4.0,1,1,3,2
demo_session_02344,4.0,4,1,1,1
demo_session_02345,5.0,1,2,2,1
demo_session_02346,5.0,4,0,2,0
demo_session_02347,5.0,2,1,2,1
demo_session_02348,4.0,0,0,1,0
demo_session_02349,3.0,1,0,2,1
demo_session_02350,5.0,2,0,3,2
demo_session_02351,5.0,1,0,1,0
demo_session_02352,1.0,0,1,1,0
demo_session_02353,5.0,0,1,2,0
demo_session_02354,4.0,0,1,1,0
demo_session_02355,5.0,3,0,3,0
demo_session_02356,5.0,3,0,3,0
demo_session_02357,3.0,2,0,0,0
demo_session_02358,2.0,1,1,0,0
demo_session_02359,5.0,2,0,3,1
demo_session_02360,5.0,2,0,2,1
demo_session_02361,4.0,2,0,4,2
demo_session_02362,4.0,1,0,2,0
demo_session_02363,5.0,0,1,2,0
demo_session_02364,5.0,0,1,1,1
demo_session_02365,5.0,1,0,2,0
demo_session_02366,5.0,1,1,4,1
demo_session_02367,5.0,1,1,1,0
demo_session_02368,5.0,1,0,2,2
demo_session_02369,3.0,2,1,4,1
demo_session_02370,2.0,1,1,7,5
demo_session_02371,5.0,2,0,3,0
demo_session_02372,4.0,1,1,4,0
demo_session_02373,1.0,2,2,1,0
demo_session_02374,5.0,0,2,3,2
demo_session_02375,5.0,0,0,0,0
demo_session_02376,5.0,1,1,2,1
demo_session_02377,5.0,2,1,0,0
demo_session_02378,4.0,1,1,1,0
demo_session_02379,5.0,2,1,5,4
demo_session_02380,5.0,0,0,0,0
demo_session_02381,5.0,3,2,5,2
demo_session_02382,4.0,0,2,2,0
demo_session_02383,1.0,0,0,1,1
demo_session_02384,5.0,2,1,3,0
demo_session_02385,3.0,1,0,1,0
demo_session_02386,4.0,1,0,3,2
demo_session_02387,5.0,3,1,2,1
demo_session_02388,4.0,1,0,0,0
demo_session_02389,5.0,0,0,0,0
demo_session_02390,4.0,2,2,1,0
demo_session_02391,5.0,1,2,2,1
demo_session_02392,5.0,1,0,2,0
demo_session_02393,5.0,1,0,1,0
demo_session_02394,4.0,1,0,0,0
demo_session_02395,5.0,0,1,2,1
demo_session_02396,5.0,2,1,6,1
demo_session_02397,2.0,0,0,2,0
demo_session_02398,4.0,1,4,5,2
demo_session_02399,4.0,0,1,1,0
